Month,Visitors,Transactions,Division,Price per transaction,Units per transaction,Total Sales Per Labor Hour,Total Sales for All Departments,Average Sales per Unit Area,Average Sales Revenue per Hour,Article,Sold Items,City,Out of Stock Items
Jul,1,1001,Men,63.4,8,373.6,3369.21,9.79,77.54,Article_3,5001,Dallas,36
Apr,2,1002,Children,68.53,8,205.16,3778.62,2.68,147.38,Article_5,5002,Texas,93
Nov,3,1003,Men,53.14,5,243.68,2458.68,5.01,110.27,Article_4,5003,Dallas,82
Aug,4,1004,Men,65.42,1,139.21,3954.02,5.39,53.92,Article_2,5004,Chicago,52
May,5,1005,Men,39.61,7,309.89,3666.47,8.32,140.02,Article_1,5005,New Mexico,79
Jul,6,1006,Children,52.32,5,76.82,1478.25,1.89,72.46,Article_7,5006,Washington,23
Oct,7,1007,Children,76.99,8,355.42,3290.57,4.86,114.21,Article_3,5007,New Mexico,20
Mar,8,1008,Women,88.46,9,339.84,2026.97,6.66,73.13,Article_7,5008,Los Angeles,99
Jul,9,1009,Children,49.03,7,125.62,4216.38,2.94,75.24,Article_2,5009,Chicago,39
Nov,10,1010,Children,13.93,7,333.26,2703.75,6.65,99.75,Article_1,5010,Washington,61
Nov,11,1011,Children,24.55,1,325.23,4978.74,9.31,299.96,Article_1,5011,New York,69
Aug,12,1012,Children,11.88,4,271.28,1370.0,9.98,50.55,Article_1,5012,New Mexico,68
May,13,1013,Women,68.79,2,180.73,4121.39,1.29,209.67,Article_6,5013,New York,13
Apr,14,1014,Children,39.91,2,145.02,3694.81,3.12,85.31,Article_2,5014,Dallas,41
Aug,15,1015,Men,58.82,2,131.12,4070.0,3.79,280.16,Article_3,5015,Texas,49
Aug,16,1016,Men,54.39,4,161.51,2230.12,4.59,73.41,Article_3,5016,New Mexico,60
Mar,17,1017,Children,17.34,1,366.25,2968.22,3.18,288.77,Article_1,5017,Los Angeles,3
Jun,18,1018,Children,46.29,4,77.17,4186.03,2.83,202.73,Article_2,5018,New York,71
May,19,1019,Men,29.85,2,340.1,1930.17,9.59,50.32,Article_6,5019,Washington,87
Feb,20,1020,Men,47.66,5,172.11,1904.13,9.27,273.5,Article_1,5020,New Mexico,74
Aug,21,1021,Women,28.32,3,232.56,3204.2,1.42,180.43,Article_5,5021,New Mexico,16
Dec,22,1022,Men,85.64,8,328.07,3094.25,4.05,115.67,Article_7,5022,Texas,84
Jun,23,1023,Men,25.68,4,359.53,2129.05,4.65,241.82,Article_3,5023,Texas,56
Feb,24,1024,Children,96.47,1,170.67,2192.3,3.15,281.67,Article_7,5024,Washington,89
Dec,25,1025,Men,47.43,1,211.65,2111.38,6.66,170.92,Article_4,5025,Texas,47
May,26,1026,Women,86.16,3,195.08,4086.05,6.76,128.89,Article_1,5026,New York,43
Jan,27,1027,Men,66.59,9,54.64,3607.6,8.65,247.24,Article_5,5027,Washington,44
Dec,28,1028,Children,76.18,7,153.58,4329.67,7.67,220.45,Article_3,5028,Washington,90
Oct,29,1029,Children,79.1,2,210.72,4901.89,5.88,272.19,Article_7,5029,Dallas,79
Jun,30,1030,Men,55.44,9,193.88,2896.66,6.88,223.13,Article_6,5030,Los Angeles,89
Dec,31,1031,Children,58.9,2,302.68,1266.78,3.47,110.88,Article_2,5031,New Mexico,32
Sep,32,1032,Women,56.26,3,184.68,1192.37,6.34,282.91,Article_3,5032,Dallas,30
Jan,33,1033,Women,62.93,2,221.28,2182.66,5.4,76.21,Article_7,5033,Los Angeles,46
Nov,34,1034,Men,12.65,3,200.36,4730.18,2.2,116.99,Article_2,5034,Washington,5
Nov,35,1035,Men,45.6,6,309.22,3092.85,3.18,180.05,Article_7,5035,New Mexico,71
Oct,36,1036,Men,64.56,9,352.04,2087.15,3.63,191.44,Article_2,5036,Texas,70
Dec,37,1037,Children,63.8,9,236.16,2596.67,9.32,53.83,Article_6,5037,Los Angeles,33
Dec,38,1038,Women,81.37,7,326.3,3394.38,3.07,245.14,Article_6,5038,Washington,52
Mar,39,1039,Women,68.95,3,153.88,3611.8,3.6,140.4,Article_1,5039,Washington,13
Dec,40,1040,Children,99.29,4,239.48,1615.68,4.32,151.6,Article_1,5040,Dallas,15
Jul,41,1041,Women,35.55,6,170.83,4908.13,6.97,252.34,Article_3,5041,Dallas,42
Apr,42,1042,Men,42.32,5,194.97,3179.09,2.06,144.82,Article_6,5042,Texas,72
Sep,43,1043,Men,44.55,2,306.34,1542.75,9.59,61.81,Article_5,5043,Chicago,73
Mar,44,1044,Men,51.92,6,358.58,4574.54,8.79,94.11,Article_7,5044,New York,80
May,45,1045,Women,85.24,3,92.52,1298.55,6.19,288.98,Article_7,5045,Chicago,11
Mar,46,1046,Men,31.22,8,272.12,4630.94,7.07,67.6,Article_7,5046,Chicago,69
Jul,47,1047,Children,79.84,2,253.75,4986.26,1.15,138.73,Article_3,5047,New Mexico,18
May,48,1048,Children,46.48,1,91.45,3801.73,4.05,175.79,Article_7,5048,New Mexico,40
Sep,49,1049,Women,64.17,9,124.16,4081.79,8.16,173.32,Article_4,5049,Texas,52
Jul,50,1050,Children,66.93,3,158.85,2349.21,1.7,50.99,Article_2,5050,New Mexico,28
Feb,51,1051,Children,43.56,1,108.43,4766.31,3.54,175.29,Article_7,5051,Los Angeles,69
Apr,52,1052,Women,56.14,7,135.31,3118.86,6.27,145.94,Article_2,5052,Texas,58
Sep,53,1053,Men,47.17,5,143.66,3929.55,3.31,293.02,Article_1,5053,Texas,88
Dec,54,1054,Men,16.22,5,167.49,4696.43,9.41,89.79,Article_7,5054,Washington,63
Feb,55,1055,Men,49.34,1,312.29,4900.72,2.18,138.54,Article_5,5055,Washington,23
Oct,56,1056,Women,18.77,9,250.17,4332.82,8.18,154.87,Article_6,5056,Washington,88
Sep,57,1057,Children,46.45,7,395.19,2212.07,5.57,147.67,Article_6,5057,New York,15
Oct,58,1058,Men,63.36,8,195.16,4866.19,7.75,216.46,Article_1,5058,Los Angeles,51
May,59,1059,Men,62.15,9,313.85,3512.48,3.8,103.88,Article_4,5059,Los Angeles,79
Feb,60,1060,Women,69.64,6,355.01,4722.57,5.63,105.27,Article_3,5060,Washington,5
Apr,61,1061,Men,18.57,5,287.64,3704.42,8.71,232.3,Article_3,5061,Chicago,36
Dec,62,1062,Women,68.69,6,194.15,2228.96,5.2,175.07,Article_5,5062,New York,84
Dec,63,1063,Children,38.09,2,313.76,2480.1,4.24,153.79,Article_1,5063,Chicago,3
Jul,64,1064,Women,45.91,4,121.28,3201.89,5.83,92.3,Article_1,5064,Dallas,97
Dec,65,1065,Women,87.22,3,164.64,4160.06,7.46,96.88,Article_4,5065,Los Angeles,91
Aug,66,1066,Women,10.81,7,241.34,2271.93,4.99,52.64,Article_7,5066,Los Angeles,37
Mar,67,1067,Women,62.96,9,251.39,3318.92,9.45,72.86,Article_3,5067,Chicago,40
Jan,68,1068,Children,63.88,5,57.75,2382.5,3.65,189.21,Article_7,5068,New York,91
Apr,69,1069,Children,45.7,6,380.79,4263.08,5.28,272.97,Article_1,5069,Los Angeles,80
Feb,70,1070,Men,31.33,2,293.82,2866.91,7.81,121.79,Article_7,5070,Chicago,13
Aug,71,1071,Children,31.12,3,223.5,1306.89,7.2,131.94,Article_6,5071,Texas,70
Apr,72,1072,Children,89.53,3,376.59,1664.21,8.77,78.9,Article_5,5072,Texas,85
Feb,73,1073,Men,49.78,9,203.68,1244.42,9.97,147.16,Article_3,5073,New Mexico,50
Jun,74,1074,Children,39.78,7,393.15,2997.21,4.84,59.31,Article_4,5074,New York,64
Jun,75,1075,Women,50.39,8,229.3,1425.35,2.0,279.4,Article_5,5075,Chicago,92
Oct,76,1076,Women,70.25,9,90.0,1456.56,1.27,218.28,Article_2,5076,New Mexico,51
Apr,77,1077,Men,23.12,6,317.68,4764.19,7.54,297.69,Article_6,5077,Texas,94
Jun,78,1078,Men,50.45,4,287.61,4490.62,8.87,270.71,Article_4,5078,New York,29
Feb,79,1079,Men,62.91,1,320.55,2808.35,2.99,168.25,Article_5,5079,New Mexico,56
Oct,80,1080,Women,95.37,8,383.0,4943.22,2.43,179.92,Article_1,5080,Washington,78
Dec,81,1081,Children,32.73,7,321.77,1000.75,1.56,97.64,Article_2,5081,New York,81
Feb,82,1082,Women,42.33,2,263.97,3455.92,8.4,165.51,Article_4,5082,Dallas,98
Oct,83,1083,Men,44.14,8,350.06,3465.71,3.8,275.76,Article_1,5083,Washington,29
Apr,84,1084,Children,64.5,5,285.64,2829.77,4.62,62.71,Article_6,5084,New Mexico,97
Aug,85,1085,Children,42.11,7,192.84,2587.79,5.52,265.89,Article_2,5085,Chicago,41
Jul,86,1086,Women,58.02,4,359.97,2821.53,8.56,135.24,Article_3,5086,Washington,10
Dec,87,1087,Men,80.36,5,127.67,2659.84,6.86,274.88,Article_1,5087,Washington,26
Sep,88,1088,Women,73.48,8,300.12,3921.97,6.54,285.22,Article_5,5088,New Mexico,23
Aug,89,1089,Children,50.17,1,358.55,1541.42,2.58,217.72,Article_7,5089,Chicago,98
May,90,1090,Women,87.78,1,305.96,1790.56,5.62,216.11,Article_4,5090,Chicago,38
Feb,91,1091,Women,60.23,4,294.05,1722.07,7.44,163.19,Article_2,5091,Texas,71
May,92,1092,Men,58.59,3,313.42,2049.88,9.76,258.89,Article_1,5092,Dallas,17
Aug,93,1093,Men,13.08,2,212.77,3101.03,2.81,290.4,Article_3,5093,Chicago,76
Oct,94,1094,Children,98.8,3,355.96,1444.83,1.09,243.77,Article_7,5094,Los Angeles,44
Sep,95,1095,Women,21.07,1,121.2,4472.68,1.68,205.48,Article_4,5095,Los Angeles,87
Dec,96,1096,Women,30.8,1,94.59,2189.45,4.38,201.7,Article_4,5096,Dallas,86
Dec,97,1097,Women,14.65,6,149.93,1650.15,8.38,262.37,Article_1,5097,New York,11
Dec,98,1098,Children,67.6,5,236.05,3702.49,1.06,185.3,Article_3,5098,New Mexico,48
Sep,99,1099,Children,30.22,8,228.7,1152.35,5.11,250.96,Article_6,5099,New York,93
Jan,100,1100,Men,26.2,2,337.21,3479.87,3.96,177.22,Article_7,5100,Los Angeles,30
Sep,101,1101,Men,17.97,4,191.6,3792.79,1.47,65.61,Article_6,5101,Chicago,91
Jul,102,1102,Men,19.3,8,219.52,1859.67,5.05,145.99,Article_2,5102,Dallas,21
Sep,103,1103,Women,62.62,6,54.68,1167.86,3.29,161.11,Article_1,5103,New York,43
Aug,104,1104,Women,71.94,1,193.41,2454.58,4.17,85.4,Article_7,5104,New York,91
Jan,105,1105,Men,45.76,4,276.72,1394.38,7.35,75.62,Article_2,5105,New Mexico,63
Dec,106,1106,Women,53.19,1,55.43,1465.91,5.69,183.87,Article_6,5106,Washington,76
Aug,107,1107,Men,71.74,2,148.31,2017.04,2.12,71.29,Article_7,5107,Los Angeles,24
Aug,108,1108,Children,11.56,5,122.78,2181.87,9.65,125.74,Article_4,5108,Chicago,50
Nov,109,1109,Men,39.08,8,64.69,3119.88,6.72,236.15,Article_2,5109,Dallas,6
Mar,110,1110,Children,97.58,8,217.74,3713.57,7.89,291.11,Article_3,5110,New York,5
Jan,111,1111,Women,62.21,3,113.6,3371.08,1.71,229.47,Article_5,5111,New Mexico,23
Aug,112,1112,Men,32.88,4,310.08,1593.44,1.42,298.16,Article_6,5112,Washington,18
Mar,113,1113,Women,56.96,6,346.77,1688.34,1.18,224.58,Article_6,5113,Los Angeles,82
Mar,114,1114,Children,40.84,3,240.95,4515.08,2.7,123.45,Article_3,5114,Los Angeles,99
Jan,115,1115,Children,57.9,2,393.6,3233.41,4.73,218.01,Article_7,5115,New Mexico,8
Nov,116,1116,Children,21.32,6,207.67,4479.75,9.42,225.54,Article_7,5116,Dallas,35
May,117,1117,Women,21.94,5,229.68,2486.19,5.11,142.93,Article_7,5117,New York,39
Oct,118,1118,Women,22.92,5,396.23,3457.6,3.61,54.43,Article_2,5118,Dallas,92
Jul,119,1119,Women,94.58,5,131.04,3094.65,6.06,225.8,Article_1,5119,New Mexico,23
Oct,120,1120,Women,75.96,5,379.89,2276.49,2.01,55.43,Article_4,5120,New Mexico,47
Sep,121,1121,Children,24.61,3,64.99,2879.66,6.49,207.8,Article_5,5121,Dallas,62
Dec,122,1122,Children,26.95,7,206.24,3009.96,6.12,90.9,Article_1,5122,Texas,68
Jul,123,1123,Men,75.77,6,74.5,1803.08,8.13,191.4,Article_1,5123,Washington,52
Sep,124,1124,Men,24.05,4,305.23,2260.04,9.88,175.98,Article_3,5124,Los Angeles,53
Aug,125,1125,Women,31.11,2,262.94,4165.64,3.26,53.38,Article_2,5125,Texas,41
Dec,126,1126,Children,96.7,9,297.32,4663.15,5.59,140.72,Article_6,5126,Chicago,44
Feb,127,1127,Children,32.98,1,181.07,2439.18,9.18,200.27,Article_6,5127,Los Angeles,89
Jan,128,1128,Children,69.55,4,179.32,2227.89,8.07,262.15,Article_3,5128,Los Angeles,13
Jul,129,1129,Men,98.08,1,65.86,1780.79,5.39,272.16,Article_2,5129,Washington,28
Jul,130,1130,Men,43.69,6,172.48,3713.96,9.51,170.96,Article_3,5130,Chicago,5
Aug,131,1131,Children,11.58,4,375.25,2292.4,1.52,232.11,Article_6,5131,New York,6
May,132,1132,Children,31.97,5,182.73,4951.0,9.38,129.11,Article_1,5132,Chicago,36
Mar,133,1133,Children,84.78,5,340.98,2302.74,1.45,135.55,Article_4,5133,New York,52
Dec,134,1134,Men,87.81,9,344.81,2576.54,5.93,98.62,Article_7,5134,Chicago,17
Aug,135,1135,Children,79.17,1,180.63,3413.34,9.01,190.49,Article_2,5135,Dallas,86
Jun,136,1136,Children,20.18,2,271.2,4206.74,3.36,128.64,Article_5,5136,New Mexico,37
Nov,137,1137,Women,81.6,6,83.38,2878.07,5.25,71.09,Article_5,5137,Chicago,58
Mar,138,1138,Women,92.68,5,86.29,2690.62,3.92,221.25,Article_1,5138,Texas,0
Jan,139,1139,Men,64.05,7,67.03,4982.55,9.57,226.94,Article_3,5139,Texas,67
Mar,140,1140,Children,94.68,3,253.36,1041.97,8.41,140.0,Article_3,5140,Washington,43
May,141,1141,Children,84.42,3,199.12,4580.26,7.38,69.18,Article_6,5141,New Mexico,46
Mar,142,1142,Women,70.03,2,241.81,1596.56,6.29,156.57,Article_1,5142,New Mexico,34
Jan,143,1143,Men,61.95,3,232.38,4143.7,8.39,160.58,Article_6,5143,New York,86
May,144,1144,Women,41.37,1,172.57,3471.73,4.53,217.17,Article_6,5144,Los Angeles,90
Oct,145,1145,Women,24.34,5,287.12,2367.39,5.03,128.85,Article_5,5145,Washington,59
Jul,146,1146,Women,64.45,5,315.48,4495.5,7.57,220.65,Article_6,5146,Texas,89
Jul,147,1147,Women,38.63,7,55.12,1051.63,4.22,267.87,Article_7,5147,Texas,51
Nov,148,1148,Children,87.98,4,122.53,1906.76,1.58,109.37,Article_6,5148,New York,7
Sep,149,1149,Children,99.4,3,299.63,3267.57,1.67,294.73,Article_5,5149,Texas,79
Oct,150,1150,Women,77.72,1,185.32,2406.17,2.04,146.59,Article_7,5150,Texas,40
Oct,151,1151,Men,18.14,8,281.87,3441.51,8.83,116.81,Article_3,5151,New York,2
Dec,152,1152,Men,35.98,3,171.44,1096.44,5.25,155.38,Article_2,5152,Texas,95
Mar,153,1153,Men,19.82,2,186.76,1465.84,7.42,73.6,Article_4,5153,Los Angeles,68
Jul,154,1154,Men,68.55,4,105.54,1508.38,4.54,81.43,Article_6,5154,Dallas,83
Jan,155,1155,Women,78.87,3,140.38,1757.13,3.33,153.61,Article_7,5155,Washington,13
Apr,156,1156,Children,93.31,1,261.89,2837.33,4.12,240.61,Article_2,5156,Los Angeles,95
Apr,157,1157,Men,49.44,3,201.61,4008.51,8.15,275.08,Article_5,5157,Los Angeles,25
May,158,1158,Women,91.12,2,321.01,4622.16,6.63,216.2,Article_2,5158,Dallas,69
Jul,159,1159,Men,89.01,8,348.4,4341.49,9.44,76.3,Article_4,5159,New Mexico,57
Jul,160,1160,Men,38.55,6,239.58,1787.55,7.12,218.0,Article_2,5160,Washington,99
Nov,161,1161,Women,88.2,9,315.39,2764.6,6.13,208.86,Article_7,5161,Los Angeles,39
Apr,162,1162,Children,43.81,8,157.42,1797.65,6.49,251.44,Article_2,5162,Texas,50
Jul,163,1163,Children,36.72,3,195.24,2057.89,9.48,256.31,Article_2,5163,Dallas,4
Nov,164,1164,Women,68.42,5,299.47,3014.19,8.09,267.05,Article_2,5164,New Mexico,76
Mar,165,1165,Children,39.55,7,185.17,1272.44,1.22,153.53,Article_1,5165,Washington,31
Jun,166,1166,Women,66.72,5,255.98,1872.7,5.81,224.47,Article_6,5166,Chicago,79
Dec,167,1167,Women,64.88,8,114.88,4741.51,7.2,117.06,Article_5,5167,New York,0
Feb,168,1168,Women,60.71,5,259.92,2864.47,7.74,299.83,Article_4,5168,Texas,76
Oct,169,1169,Children,44.24,1,351.53,2781.55,2.92,93.83,Article_5,5169,Dallas,53
Sep,170,1170,Women,59.36,5,354.02,1058.27,8.8,52.53,Article_1,5170,New York,10
May,171,1171,Men,63.68,4,303.52,1989.6,9.6,87.2,Article_1,5171,New Mexico,52
Jun,172,1172,Children,59.11,6,311.01,4465.17,3.13,243.97,Article_7,5172,New Mexico,7
Dec,173,1173,Children,50.0,3,245.27,1658.51,8.94,161.7,Article_1,5173,Chicago,24
Dec,174,1174,Children,11.32,5,254.63,2660.5,1.87,161.88,Article_6,5174,Los Angeles,39
Dec,175,1175,Children,62.84,2,96.78,1057.32,1.5,288.76,Article_1,5175,Los Angeles,31
Dec,176,1176,Men,25.16,6,205.35,2913.34,2.16,279.91,Article_2,5176,Washington,87
Apr,177,1177,Children,67.83,6,207.77,1084.08,1.52,127.8,Article_5,5177,Dallas,27
Nov,178,1178,Children,78.34,5,385.47,4278.44,8.61,102.26,Article_3,5178,Dallas,77
Oct,179,1179,Women,55.04,6,200.88,4299.42,1.53,262.12,Article_4,5179,New Mexico,2
Jul,180,1180,Children,58.81,7,242.27,4150.97,3.44,276.5,Article_1,5180,Washington,99
Dec,181,1181,Men,95.63,5,236.64,2133.46,1.93,185.4,Article_5,5181,New York,90
Sep,182,1182,Men,86.25,1,272.87,4348.95,3.66,207.36,Article_7,5182,Los Angeles,83
Jul,183,1183,Men,92.28,8,311.88,3171.99,1.82,114.23,Article_1,5183,Los Angeles,78
Jan,184,1184,Men,83.24,4,128.76,2495.23,7.01,250.2,Article_6,5184,New Mexico,61
Jan,185,1185,Children,19.8,9,235.05,3501.32,2.2,208.03,Article_1,5185,Dallas,26
Sep,186,1186,Children,23.41,6,339.07,1049.36,8.67,175.88,Article_1,5186,New Mexico,44
Nov,187,1187,Men,57.4,1,212.09,1571.84,8.35,65.03,Article_1,5187,Dallas,91
Sep,188,1188,Men,32.15,3,147.46,3969.17,1.12,278.98,Article_7,5188,Washington,24
Apr,189,1189,Children,52.9,3,279.15,1976.65,9.06,203.86,Article_1,5189,Chicago,60
Sep,190,1190,Men,45.49,4,338.32,3392.04,1.26,98.17,Article_4,5190,New York,43
Mar,191,1191,Women,59.45,6,72.1,2540.41,3.16,201.6,Article_5,5191,Texas,96
Jul,192,1192,Men,77.22,7,321.88,4419.22,1.29,219.37,Article_6,5192,Chicago,45
Jun,193,1193,Men,74.39,4,337.58,4809.66,4.02,181.44,Article_1,5193,Chicago,13
Aug,194,1194,Women,56.91,6,211.53,4534.26,5.62,229.53,Article_1,5194,Dallas,7
Nov,195,1195,Women,84.02,1,394.16,2082.48,8.17,195.36,Article_1,5195,Dallas,47
Sep,196,1196,Children,48.78,8,325.35,1776.65,4.04,286.94,Article_1,5196,Dallas,13
May,197,1197,Children,90.7,7,320.78,2897.74,7.35,63.42,Article_2,5197,Chicago,64
Jan,198,1198,Women,16.42,9,311.74,1029.34,2.69,76.56,Article_2,5198,New Mexico,79
Mar,199,1199,Women,95.92,3,102.71,1103.24,7.76,93.42,Article_3,5199,New York,81
Oct,200,1200,Children,68.92,2,126.03,3213.16,3.12,222.54,Article_1,5200,New Mexico,6
Dec,201,1201,Men,44.21,1,212.4,3081.8,2.29,211.4,Article_3,5201,Dallas,78
Aug,202,1202,Women,27.74,3,142.4,4978.33,2.67,273.01,Article_4,5202,Los Angeles,87
Nov,203,1203,Children,53.13,5,195.33,1807.37,2.64,233.22,Article_3,5203,New Mexico,48
Jun,204,1204,Men,27.51,2,360.96,2032.42,5.62,177.09,Article_5,5204,New York,54
Aug,205,1205,Women,24.97,3,338.51,1454.16,8.6,297.96,Article_2,5205,Los Angeles,12
Sep,206,1206,Men,65.56,4,270.51,4670.17,1.72,116.53,Article_2,5206,New York,72
Apr,207,1207,Children,57.08,7,350.34,4111.24,7.36,258.3,Article_1,5207,Dallas,55
Jan,208,1208,Women,70.31,3,324.32,4289.36,6.89,156.7,Article_1,5208,New Mexico,55
Jan,209,1209,Men,93.66,9,200.14,4611.06,8.85,212.18,Article_4,5209,Texas,14
Oct,210,1210,Women,57.9,8,120.37,3099.6,3.2,231.82,Article_6,5210,Washington,56
Apr,211,1211,Men,62.28,4,229.97,2804.77,5.05,208.44,Article_4,5211,Dallas,57
Dec,212,1212,Children,18.07,1,307.68,2321.57,9.33,85.13,Article_5,5212,Chicago,34
Jul,213,1213,Children,74.59,1,202.75,3356.86,6.94,160.74,Article_1,5213,Texas,87
Feb,214,1214,Women,45.99,1,283.37,2817.11,4.5,190.36,Article_1,5214,Chicago,96
Mar,215,1215,Men,97.91,1,83.01,2806.26,2.18,262.26,Article_4,5215,New York,15
Jan,216,1216,Women,84.09,8,311.8,4747.71,3.36,160.91,Article_4,5216,Chicago,7
May,217,1217,Women,57.02,3,334.45,4936.13,6.23,279.69,Article_4,5217,Texas,92
Jan,218,1218,Men,21.09,6,297.39,4185.94,7.46,160.09,Article_2,5218,Texas,86
Aug,219,1219,Men,87.35,3,388.54,4027.03,2.12,187.19,Article_3,5219,Dallas,44
Jan,220,1220,Men,81.98,5,339.33,3722.23,6.4,249.07,Article_3,5220,Los Angeles,94
Nov,221,1221,Children,26.61,7,366.08,1664.3,5.95,195.77,Article_1,5221,Dallas,39
Jan,222,1222,Women,36.58,2,376.75,1236.42,5.63,290.05,Article_2,5222,New York,53
Feb,223,1223,Women,81.41,6,330.47,3762.91,7.21,215.08,Article_4,5223,Chicago,13
Feb,224,1224,Children,26.67,6,285.99,3915.14,8.54,180.68,Article_1,5224,Los Angeles,58
Dec,225,1225,Men,92.6,3,52.0,1187.89,3.91,55.9,Article_2,5225,New Mexico,93
Jun,226,1226,Children,48.21,6,213.04,4712.21,9.0,153.43,Article_5,5226,Washington,52
Jul,227,1227,Children,17.83,5,249.91,1364.56,2.45,124.81,Article_6,5227,Texas,26
May,228,1228,Children,83.42,2,156.41,2143.6,2.56,237.03,Article_2,5228,Los Angeles,46
Jan,229,1229,Women,43.62,9,161.34,3689.56,3.4,102.07,Article_7,5229,New Mexico,79
Jan,230,1230,Children,57.38,8,386.41,1679.49,2.08,101.31,Article_1,5230,Los Angeles,5
Mar,231,1231,Women,20.11,3,362.1,1221.66,3.07,97.38,Article_3,5231,Dallas,54
Feb,232,1232,Women,10.23,8,347.21,2324.59,1.96,81.4,Article_7,5232,New Mexico,96
May,233,1233,Women,67.42,9,192.1,4063.89,8.4,127.75,Article_4,5233,Washington,43
Dec,234,1234,Men,56.37,3,54.79,2654.71,2.25,271.48,Article_6,5234,Texas,17
Oct,235,1235,Women,63.42,3,78.08,3611.89,7.73,243.73,Article_5,5235,New York,15
Jun,236,1236,Women,81.44,2,159.27,3318.48,1.43,233.81,Article_6,5236,New York,11
Jul,237,1237,Men,68.19,8,55.51,1088.87,9.54,249.33,Article_6,5237,Los Angeles,19
Apr,238,1238,Women,25.73,1,56.0,4954.16,7.4,117.35,Article_2,5238,New Mexico,44
Jul,239,1239,Children,42.47,8,370.81,1165.71,1.06,271.86,Article_1,5239,Los Angeles,63
Nov,240,1240,Children,91.53,7,297.16,4871.21,7.87,84.33,Article_1,5240,Chicago,58
Aug,241,1241,Women,79.3,7,158.13,3199.46,5.63,134.09,Article_6,5241,Washington,92
Nov,242,1242,Men,60.1,3,96.43,4852.64,8.01,196.69,Article_4,5242,Texas,93
Jan,243,1243,Children,33.01,1,229.07,1459.01,5.7,75.73,Article_1,5243,Los Angeles,89
Jun,244,1244,Men,37.19,4,51.87,2961.63,6.77,232.53,Article_6,5244,Chicago,21
Aug,245,1245,Men,75.88,9,378.44,1678.02,8.08,146.81,Article_1,5245,New Mexico,96
May,246,1246,Children,86.61,5,195.19,1203.9,4.65,246.1,Article_4,5246,Washington,46
Apr,247,1247,Men,70.43,1,190.82,3470.12,1.02,173.22,Article_5,5247,Texas,28
Feb,248,1248,Children,82.86,5,186.71,1831.13,8.65,95.22,Article_7,5248,New York,85
Jun,249,1249,Men,79.0,8,74.26,3350.79,4.43,233.69,Article_6,5249,Chicago,44
Jun,250,1250,Children,23.47,8,273.41,1449.46,5.46,113.04,Article_3,5250,New Mexico,76
Nov,251,1251,Women,48.16,5,306.55,2327.95,1.07,172.7,Article_3,5251,Washington,8
Jan,252,1252,Children,23.77,9,286.64,4126.53,5.43,68.88,Article_6,5252,Chicago,23
Sep,253,1253,Children,31.17,1,98.45,2748.21,9.88,204.47,Article_2,5253,Los Angeles,14
Dec,254,1254,Children,88.23,4,252.59,3510.98,3.5,216.46,Article_5,5254,Dallas,35
Nov,255,1255,Children,52.56,3,249.32,3589.83,4.56,144.67,Article_2,5255,New York,12
Jun,256,1256,Men,58.18,2,353.94,4375.02,7.18,288.61,Article_7,5256,Los Angeles,90
Mar,257,1257,Women,26.06,8,182.69,2299.69,8.33,268.54,Article_3,5257,Los Angeles,43
Apr,258,1258,Children,38.1,7,180.02,3749.18,4.76,226.99,Article_4,5258,New Mexico,70
Dec,259,1259,Men,30.72,9,266.48,4846.46,3.79,228.41,Article_6,5259,New Mexico,71
Nov,260,1260,Women,28.56,2,271.58,3920.97,9.44,113.1,Article_7,5260,Washington,77
Apr,261,1261,Women,67.42,4,214.25,2959.48,7.09,214.2,Article_1,5261,New Mexico,75
Mar,262,1262,Women,33.12,6,205.07,3522.87,2.07,99.55,Article_3,5262,Chicago,35
Oct,263,1263,Women,66.88,3,222.95,3958.73,1.62,86.0,Article_5,5263,New York,60
Mar,264,1264,Children,15.26,8,351.37,3449.1,5.35,299.87,Article_3,5264,Los Angeles,80
Mar,265,1265,Children,22.76,3,211.41,1066.7,2.98,205.59,Article_5,5265,Washington,39
Apr,266,1266,Men,34.71,2,378.98,1779.09,3.29,157.75,Article_5,5266,New York,92
Jul,267,1267,Men,63.73,3,226.4,4241.87,8.9,122.04,Article_6,5267,New Mexico,26
Apr,268,1268,Men,70.83,6,382.22,2090.6,1.81,200.98,Article_5,5268,New Mexico,0
Sep,269,1269,Women,49.84,2,341.49,3926.25,7.44,62.4,Article_2,5269,Chicago,33
Jan,270,1270,Women,50.12,8,176.85,2488.48,3.44,73.67,Article_7,5270,New Mexico,67
Aug,271,1271,Children,75.21,1,352.27,3087.54,7.84,58.21,Article_4,5271,Los Angeles,87
Jul,272,1272,Women,11.42,7,88.52,1271.89,7.5,174.79,Article_3,5272,Texas,20
Feb,273,1273,Women,40.7,2,373.77,1724.9,1.07,200.15,Article_4,5273,Los Angeles,32
Aug,274,1274,Women,83.68,6,271.08,4828.79,5.58,65.62,Article_7,5274,Los Angeles,6
Jan,275,1275,Men,64.29,2,69.04,4560.55,2.25,230.31,Article_1,5275,New Mexico,64
Nov,276,1276,Men,40.35,2,275.49,3609.1,8.8,107.6,Article_7,5276,New York,2
Dec,277,1277,Children,91.5,8,390.99,2838.58,8.84,221.3,Article_3,5277,New Mexico,50
Sep,278,1278,Women,79.54,2,74.43,3703.05,4.77,295.47,Article_4,5278,New York,78
Sep,279,1279,Women,33.84,7,244.14,3474.44,5.0,222.78,Article_4,5279,New York,94
Feb,280,1280,Children,68.08,3,311.73,3274.21,3.73,270.8,Article_6,5280,New York,53
Jul,281,1281,Women,63.62,8,333.59,1236.71,7.45,287.05,Article_6,5281,Washington,79
Oct,282,1282,Women,46.11,7,194.84,3531.21,4.23,171.69,Article_7,5282,Dallas,73
Mar,283,1283,Men,43.03,8,121.46,4075.68,3.41,225.58,Article_7,5283,New Mexico,92
Jul,284,1284,Children,40.92,7,64.82,4976.33,4.89,262.99,Article_1,5284,Washington,58
Dec,285,1285,Children,65.54,6,252.9,1044.31,1.82,139.15,Article_5,5285,Los Angeles,5
Oct,286,1286,Children,49.82,7,208.52,3920.69,7.72,115.35,Article_3,5286,Washington,28
Sep,287,1287,Children,84.87,5,382.06,3287.16,1.11,286.65,Article_6,5287,Chicago,16
Apr,288,1288,Men,70.26,7,71.21,2736.21,6.8,231.58,Article_3,5288,Texas,59
Dec,289,1289,Men,16.29,1,289.89,1510.28,2.65,104.92,Article_1,5289,New York,21
Jan,290,1290,Women,67.62,1,58.74,2636.34,3.09,162.27,Article_6,5290,New Mexico,23
Feb,291,1291,Women,34.4,9,110.0,2417.51,6.72,249.11,Article_6,5291,Chicago,80
Jan,292,1292,Women,63.35,5,208.75,2211.32,9.94,186.77,Article_5,5292,New Mexico,84
Dec,293,1293,Women,71.21,5,209.21,3923.52,8.0,212.49,Article_3,5293,Texas,50
May,294,1294,Men,30.77,3,290.0,3802.9,3.03,238.44,Article_3,5294,Chicago,49
May,295,1295,Children,51.12,5,368.57,3356.08,2.58,205.5,Article_3,5295,New Mexico,10
Nov,296,1296,Men,27.13,3,273.66,4754.66,8.8,185.02,Article_5,5296,Los Angeles,55
Jul,297,1297,Women,14.71,9,383.74,2399.42,5.0,237.4,Article_6,5297,New York,70
Sep,298,1298,Men,44.06,9,358.57,1975.21,2.23,231.89,Article_1,5298,Chicago,41
Sep,299,1299,Children,42.66,6,254.57,3623.61,8.76,207.47,Article_3,5299,Los Angeles,38
Mar,300,1300,Children,99.59,1,341.83,1795.26,8.34,139.95,Article_4,5300,New York,68
Mar,301,1301,Men,50.17,7,274.9,2260.04,9.86,151.45,Article_5,5301,Dallas,47
Mar,302,1302,Men,40.02,7,77.5,1898.41,9.19,292.61,Article_2,5302,Los Angeles,56
Apr,303,1303,Men,62.24,4,309.2,1276.61,8.67,78.1,Article_1,5303,Washington,20
Aug,304,1304,Women,17.99,8,83.22,4309.99,1.47,117.13,Article_4,5304,New Mexico,81
Jun,305,1305,Men,96.55,6,257.93,2018.16,1.94,173.1,Article_3,5305,New York,98
Aug,306,1306,Men,67.15,4,295.92,2892.11,6.12,259.18,Article_2,5306,Chicago,19
Jan,307,1307,Men,77.94,4,73.28,1173.26,5.78,90.92,Article_1,5307,Texas,14
Aug,308,1308,Children,25.34,2,130.78,3797.36,5.12,119.24,Article_5,5308,Chicago,68
Apr,309,1309,Children,46.85,2,370.49,2322.24,4.57,66.45,Article_2,5309,Washington,76
Nov,310,1310,Women,48.04,4,265.71,3978.95,4.88,226.5,Article_6,5310,New Mexico,50
Jan,311,1311,Women,83.96,5,136.2,2649.61,6.12,109.55,Article_7,5311,Washington,75
Aug,312,1312,Children,10.11,8,291.74,1783.02,1.02,147.17,Article_2,5312,Chicago,61
Apr,313,1313,Children,37.08,6,258.87,3052.7,3.35,160.93,Article_7,5313,New Mexico,84
Jun,314,1314,Children,98.31,4,225.55,1522.02,5.66,272.83,Article_4,5314,Texas,36
Aug,315,1315,Men,52.74,7,391.67,2762.16,7.5,152.83,Article_1,5315,New York,5
Apr,316,1316,Men,44.43,8,289.21,2269.22,2.57,86.31,Article_4,5316,New Mexico,70
Mar,317,1317,Children,20.78,2,181.4,4647.84,5.92,181.08,Article_4,5317,Los Angeles,25
Sep,318,1318,Men,97.67,7,330.03,1243.71,7.43,290.74,Article_3,5318,New Mexico,7
Mar,319,1319,Men,11.8,2,359.6,3776.07,5.0,201.92,Article_5,5319,Washington,72
Sep,320,1320,Women,76.35,2,93.83,1731.0,1.24,295.85,Article_2,5320,Washington,90
Feb,321,1321,Children,79.17,8,120.19,2276.18,5.04,260.28,Article_1,5321,Washington,3
Feb,322,1322,Children,31.93,2,125.68,2662.06,3.67,58.99,Article_6,5322,Texas,20
Feb,323,1323,Men,70.44,9,291.92,4632.06,9.37,214.6,Article_5,5323,New Mexico,30
Jun,324,1324,Children,18.36,1,261.06,1970.31,2.12,121.69,Article_5,5324,New Mexico,20
Mar,325,1325,Women,33.13,9,266.65,1365.24,6.87,189.9,Article_1,5325,Dallas,24
Sep,326,1326,Women,80.91,1,379.27,2274.76,1.47,119.84,Article_5,5326,Texas,14
Apr,327,1327,Women,87.82,2,321.57,1418.7,5.02,137.22,Article_3,5327,New York,34
Jan,328,1328,Children,64.76,6,94.78,1514.39,5.99,280.79,Article_5,5328,New York,48
Apr,329,1329,Children,55.62,6,171.63,3295.4,3.68,101.66,Article_3,5329,New York,42
Jan,330,1330,Children,24.34,1,202.39,1243.61,5.1,268.53,Article_2,5330,New York,40
May,331,1331,Children,15.68,7,188.59,1123.72,2.47,57.61,Article_2,5331,New York,36
Apr,332,1332,Children,20.59,8,284.26,3857.66,3.74,72.72,Article_4,5332,Chicago,56
Aug,333,1333,Women,30.46,2,362.16,2446.59,6.59,263.67,Article_3,5333,Washington,41
Aug,334,1334,Men,40.75,8,157.12,1501.5,3.72,207.64,Article_6,5334,Texas,46
Jul,335,1335,Women,44.28,9,243.16,2014.45,9.1,236.81,Article_2,5335,Chicago,91
Mar,336,1336,Children,41.17,6,326.29,3568.35,6.66,102.35,Article_5,5336,Texas,60
Jan,337,1337,Women,31.51,5,195.68,2102.15,4.95,184.27,Article_1,5337,Dallas,13
Jan,338,1338,Children,55.88,9,108.84,2978.08,1.35,234.3,Article_1,5338,New Mexico,67
Dec,339,1339,Children,84.28,9,216.23,1486.78,5.5,206.83,Article_7,5339,Los Angeles,52
Nov,340,1340,Women,35.17,1,69.33,3352.37,7.88,167.92,Article_3,5340,Washington,83
Mar,341,1341,Children,94.81,3,379.83,2264.31,3.39,289.95,Article_6,5341,Dallas,33
Jun,342,1342,Men,88.6,9,76.19,3507.87,8.26,219.04,Article_4,5342,Chicago,75
Jul,343,1343,Children,24.56,2,203.46,4233.58,3.27,276.94,Article_5,5343,Los Angeles,96
Jun,344,1344,Men,80.76,4,235.46,3446.59,8.41,232.44,Article_3,5344,New Mexico,23
Jun,345,1345,Men,61.71,4,394.86,2182.99,1.77,233.87,Article_7,5345,Dallas,19
Jun,346,1346,Children,60.99,2,108.11,2022.97,8.8,70.0,Article_1,5346,New Mexico,68
Mar,347,1347,Women,45.19,3,90.05,2309.68,5.49,139.87,Article_3,5347,New Mexico,29
Jun,348,1348,Men,55.1,3,53.05,1658.48,3.67,264.59,Article_5,5348,Texas,87
Aug,349,1349,Women,45.75,1,104.45,1724.69,3.39,108.15,Article_6,5349,Los Angeles,6
Nov,350,1350,Men,58.58,6,122.55,4162.76,4.89,78.88,Article_6,5350,Texas,35
Nov,351,1351,Children,66.52,8,270.7,2538.93,9.99,131.53,Article_2,5351,New Mexico,37
Feb,352,1352,Children,70.69,3,126.9,2743.98,2.98,105.11,Article_5,5352,Dallas,79
May,353,1353,Men,57.92,5,57.18,3376.2,1.93,281.32,Article_7,5353,New Mexico,51
Jan,354,1354,Children,74.93,1,339.32,3358.61,6.27,266.99,Article_2,5354,Chicago,14
Dec,355,1355,Men,22.72,7,177.96,1269.51,5.4,174.92,Article_2,5355,New Mexico,45
Jan,356,1356,Children,29.08,1,173.79,4326.16,5.72,65.34,Article_2,5356,Texas,22
May,357,1357,Women,83.69,9,155.87,1709.31,7.0,228.64,Article_3,5357,Los Angeles,11
Dec,358,1358,Children,39.03,8,391.38,3892.29,3.4,205.85,Article_7,5358,Dallas,92
Mar,359,1359,Women,12.06,7,109.54,4090.68,9.2,292.64,Article_1,5359,Texas,43
Apr,360,1360,Children,23.84,7,364.38,3859.6,4.92,189.74,Article_6,5360,New Mexico,14
Mar,361,1361,Women,30.13,5,321.88,3315.91,2.16,134.1,Article_3,5361,Chicago,92
Jan,362,1362,Children,96.16,5,76.77,1058.44,7.68,179.76,Article_1,5362,Washington,48
Jan,363,1363,Women,61.57,5,395.36,2441.5,6.79,294.82,Article_6,5363,Chicago,20
Dec,364,1364,Men,93.95,1,144.98,3419.36,3.84,224.09,Article_7,5364,New Mexico,14
Dec,365,1365,Men,61.76,8,84.5,2549.81,6.59,217.99,Article_7,5365,Chicago,13
May,366,1366,Women,53.14,1,340.26,4453.92,2.98,110.17,Article_5,5366,Washington,41
Jun,367,1367,Children,38.24,4,297.34,2235.21,5.0,235.9,Article_6,5367,Chicago,79
Mar,368,1368,Women,64.57,9,266.03,2174.14,9.09,237.57,Article_6,5368,Washington,14
Dec,369,1369,Children,22.53,9,104.59,2063.99,2.2,129.32,Article_7,5369,New Mexico,62
Sep,370,1370,Men,90.84,5,217.47,2331.12,4.48,170.93,Article_6,5370,Washington,67
May,371,1371,Children,84.64,4,323.19,3229.62,8.39,123.65,Article_4,5371,Texas,26
Aug,372,1372,Men,38.58,3,156.27,3828.06,9.73,114.68,Article_5,5372,Texas,86
Jan,373,1373,Children,95.75,3,159.09,3650.27,5.09,56.47,Article_3,5373,Washington,92
May,374,1374,Children,84.27,5,51.1,4230.87,5.56,121.3,Article_3,5374,Dallas,52
Mar,375,1375,Children,69.97,1,110.99,4543.66,6.15,188.49,Article_1,5375,Los Angeles,51
Dec,376,1376,Women,20.96,5,356.39,4264.32,9.39,50.4,Article_3,5376,Dallas,62
Jan,377,1377,Women,53.04,6,204.61,1075.78,8.72,120.8,Article_2,5377,Washington,72
Apr,378,1378,Men,55.55,7,394.48,3943.67,2.54,270.35,Article_6,5378,Los Angeles,52
May,379,1379,Men,30.93,9,188.5,1833.6,4.93,198.41,Article_3,5379,Texas,56
Jul,380,1380,Women,17.2,3,300.32,1531.71,5.18,201.97,Article_1,5380,Los Angeles,51
Jan,381,1381,Men,79.91,2,148.67,3553.96,8.1,150.84,Article_1,5381,Washington,42
Mar,382,1382,Women,20.98,3,177.33,2278.97,6.43,219.12,Article_2,5382,Texas,6
Feb,383,1383,Children,63.49,9,116.75,1228.47,6.89,97.48,Article_1,5383,Los Angeles,41
Sep,384,1384,Men,94.28,7,171.47,1550.52,9.98,254.69,Article_7,5384,Los Angeles,3
Oct,385,1385,Men,88.85,9,241.53,1003.72,1.67,79.17,Article_4,5385,Dallas,68
Jun,386,1386,Women,35.0,2,397.12,4612.89,3.01,214.0,Article_7,5386,Los Angeles,4
Oct,387,1387,Men,86.63,5,282.47,1098.47,4.67,135.29,Article_6,5387,New Mexico,74
Mar,388,1388,Men,10.03,4,119.74,1837.82,4.13,236.88,Article_6,5388,Washington,91
Aug,389,1389,Children,11.59,2,65.74,2665.05,1.19,187.44,Article_6,5389,New York,79
Aug,390,1390,Men,64.23,9,94.22,2426.29,1.83,163.09,Article_5,5390,New York,40
Feb,391,1391,Children,42.83,9,246.89,4646.9,7.13,92.36,Article_3,5391,New York,93
Jun,392,1392,Women,44.78,6,317.81,1161.16,8.91,209.21,Article_4,5392,Washington,3
Jul,393,1393,Men,60.8,6,379.15,3048.86,5.63,293.69,Article_3,5393,New York,1
Feb,394,1394,Children,27.26,8,55.54,3721.92,5.85,256.4,Article_4,5394,Dallas,66
Nov,395,1395,Women,29.06,6,232.97,4726.79,3.3,65.0,Article_3,5395,Washington,20
Oct,396,1396,Men,53.61,1,214.8,3481.49,7.91,144.06,Article_2,5396,New Mexico,69
Feb,397,1397,Women,77.88,4,279.62,4215.02,7.77,281.4,Article_7,5397,Texas,42
Oct,398,1398,Men,65.75,7,245.85,1334.9,6.3,175.76,Article_1,5398,New Mexico,81
Jan,399,1399,Women,36.76,2,290.46,2543.76,2.91,215.53,Article_1,5399,Washington,68
Aug,400,1400,Women,48.73,9,280.33,2495.79,1.87,278.15,Article_7,5400,Washington,8
Jan,401,1401,Children,25.36,8,90.95,4545.15,1.58,268.45,Article_2,5401,Los Angeles,83
Sep,402,1402,Women,16.72,8,329.9,1605.48,6.33,175.46,Article_4,5402,Los Angeles,27
Nov,403,1403,Men,80.44,7,93.13,1607.54,8.43,159.41,Article_7,5403,Los Angeles,25
Jun,404,1404,Men,33.88,4,294.49,2314.23,8.72,134.92,Article_5,5404,Chicago,81
Jul,405,1405,Children,26.0,2,195.65,1217.86,5.17,229.75,Article_4,5405,Dallas,82
Oct,406,1406,Men,72.25,3,229.85,1729.83,8.06,121.75,Article_1,5406,Washington,2
Jul,407,1407,Men,65.62,6,366.15,4860.84,9.52,112.47,Article_5,5407,New Mexico,72
Oct,408,1408,Men,66.99,5,361.46,2712.74,3.48,139.06,Article_3,5408,Washington,99
Mar,409,1409,Women,30.6,8,336.25,3528.08,4.58,94.3,Article_5,5409,Los Angeles,94
Feb,410,1410,Women,30.94,6,228.55,3904.45,9.38,223.78,Article_4,5410,Washington,48
Sep,411,1411,Men,29.87,6,307.68,2467.85,4.04,204.06,Article_2,5411,Texas,16
Aug,412,1412,Children,25.64,1,229.51,1588.91,9.22,170.72,Article_3,5412,Washington,62
Dec,413,1413,Women,69.02,4,354.36,1826.32,9.83,147.58,Article_4,5413,New Mexico,54
Oct,414,1414,Children,86.32,5,190.97,2253.07,6.96,277.27,Article_3,5414,New York,22
Jul,415,1415,Men,75.19,3,389.58,3544.27,8.35,57.28,Article_5,5415,Texas,33
Sep,416,1416,Men,81.29,9,376.31,2593.12,7.75,242.28,Article_1,5416,Texas,68
Apr,417,1417,Women,46.43,1,309.56,1027.26,7.3,275.48,Article_4,5417,Washington,14
Apr,418,1418,Men,68.87,6,147.8,3093.63,3.76,161.59,Article_2,5418,Chicago,46
Jan,419,1419,Women,41.88,6,96.08,4686.05,1.51,187.67,Article_7,5419,Los Angeles,2
Aug,420,1420,Men,57.3,5,349.15,4248.31,4.09,286.12,Article_5,5420,Dallas,82
Dec,421,1421,Men,53.35,5,107.86,4300.85,7.0,103.07,Article_4,5421,Dallas,27
Mar,422,1422,Women,25.92,5,348.99,4180.23,1.92,180.03,Article_2,5422,New York,2
Jul,423,1423,Women,44.84,6,221.77,2294.92,1.11,168.68,Article_4,5423,Dallas,3
Dec,424,1424,Women,96.74,8,192.29,4060.78,2.26,114.6,Article_5,5424,Dallas,87
Feb,425,1425,Men,32.37,2,366.12,1572.65,7.44,254.65,Article_4,5425,Los Angeles,30
Feb,426,1426,Men,22.04,6,261.35,3630.86,9.76,274.9,Article_3,5426,Los Angeles,44
Jul,427,1427,Children,47.67,1,251.81,3566.27,9.85,245.48,Article_5,5427,Chicago,58
Jun,428,1428,Women,81.13,4,245.57,1102.28,5.45,98.84,Article_4,5428,New Mexico,44
Mar,429,1429,Men,62.39,3,179.91,4151.88,8.82,71.69,Article_7,5429,New York,74
Sep,430,1430,Men,71.29,9,324.98,4612.99,7.63,201.36,Article_1,5430,Dallas,36
Oct,431,1431,Women,27.07,3,138.48,2069.66,5.51,64.27,Article_4,5431,Chicago,64
Jun,432,1432,Children,65.71,6,378.61,4249.56,6.15,218.21,Article_3,5432,New York,8
Oct,433,1433,Women,39.12,1,362.89,1329.62,2.24,182.61,Article_2,5433,Texas,16
Oct,434,1434,Children,85.09,6,168.12,3399.87,9.44,215.7,Article_7,5434,Dallas,64
Jun,435,1435,Men,66.64,4,305.31,2942.59,4.17,197.54,Article_2,5435,Dallas,2
Jan,436,1436,Children,27.9,8,250.63,3183.69,5.02,155.68,Article_7,5436,Los Angeles,25
Apr,437,1437,Men,15.82,9,168.18,4704.82,7.04,100.22,Article_2,5437,Washington,52
Oct,438,1438,Women,13.84,4,395.98,4485.26,4.01,126.43,Article_1,5438,New York,30
Jun,439,1439,Women,43.43,6,58.83,4140.33,3.29,181.13,Article_3,5439,Dallas,25
Jun,440,1440,Women,33.93,1,138.43,2094.79,6.68,212.97,Article_5,5440,New York,22
Nov,441,1441,Children,68.15,4,232.03,4647.27,1.22,244.87,Article_2,5441,New Mexico,29
Dec,442,1442,Men,54.94,7,232.68,1390.03,7.49,241.79,Article_7,5442,Chicago,9
May,443,1443,Women,33.94,1,256.13,4413.32,5.63,293.17,Article_3,5443,Chicago,71
Jan,444,1444,Women,23.43,8,313.09,2312.64,6.45,121.46,Article_4,5444,Washington,88
Aug,445,1445,Men,21.45,6,268.22,1215.09,6.69,67.78,Article_1,5445,Dallas,63
May,446,1446,Women,87.82,5,260.1,3677.43,5.74,136.41,Article_3,5446,New Mexico,21
Dec,447,1447,Men,31.91,9,68.73,1925.12,6.24,235.82,Article_3,5447,Los Angeles,14
Dec,448,1448,Men,68.65,2,181.79,1974.28,7.15,159.53,Article_5,5448,Dallas,55
Dec,449,1449,Men,82.96,5,131.22,2224.19,7.78,254.45,Article_3,5449,New York,73
May,450,1450,Men,65.27,6,142.88,1254.74,7.55,187.33,Article_5,5450,Texas,19
Jul,451,1451,Men,87.36,7,244.02,1708.51,8.83,282.45,Article_1,5451,Chicago,46
Apr,452,1452,Children,45.32,5,119.83,1020.56,2.7,286.97,Article_1,5452,New York,86
Jun,453,1453,Women,96.06,9,152.88,2781.64,4.61,67.33,Article_4,5453,Washington,52
Apr,454,1454,Children,21.98,1,132.98,1337.02,9.53,164.1,Article_5,5454,Chicago,52
Mar,455,1455,Women,19.19,7,381.98,3730.61,4.57,202.42,Article_5,5455,Los Angeles,0
Jul,456,1456,Children,69.28,7,380.63,1942.49,2.12,113.97,Article_2,5456,Chicago,1
Aug,457,1457,Men,94.85,4,263.48,4774.3,5.73,151.77,Article_2,5457,Texas,57
Apr,458,1458,Women,82.8,9,373.58,4485.01,1.99,219.42,Article_4,5458,New Mexico,18
Feb,459,1459,Women,16.88,5,325.03,2157.76,2.83,106.68,Article_1,5459,Dallas,61
Dec,460,1460,Children,35.14,4,256.48,4132.86,9.98,200.5,Article_6,5460,Texas,77
Oct,461,1461,Children,93.73,7,52.25,4212.98,5.87,224.36,Article_2,5461,New Mexico,71
Mar,462,1462,Women,32.78,4,320.38,4946.25,3.56,72.62,Article_3,5462,Texas,11
Jan,463,1463,Children,80.31,3,295.87,3391.36,9.95,174.38,Article_1,5463,Dallas,25
Aug,464,1464,Children,84.26,9,265.34,1327.86,9.7,115.77,Article_6,5464,Chicago,26
Mar,465,1465,Children,54.59,8,316.15,3587.35,4.97,231.1,Article_3,5465,Washington,28
Dec,466,1466,Men,44.77,1,229.52,3499.92,3.34,97.39,Article_7,5466,Dallas,14
Oct,467,1467,Men,50.51,7,296.43,3553.4,8.55,273.06,Article_5,5467,Dallas,45
Jul,468,1468,Children,30.43,9,377.31,2228.58,7.44,157.74,Article_1,5468,New Mexico,0
Oct,469,1469,Children,90.05,8,181.53,4438.72,7.18,99.5,Article_7,5469,Los Angeles,59
May,470,1470,Men,50.56,8,297.84,4837.89,9.04,159.51,Article_4,5470,Chicago,91
Oct,471,1471,Men,89.42,6,216.49,1870.85,7.2,152.19,Article_5,5471,Dallas,56
May,472,1472,Women,19.51,4,286.04,1352.61,3.55,157.23,Article_5,5472,Washington,2
Jul,473,1473,Women,98.94,8,317.01,1778.14,7.24,196.39,Article_3,5473,New York,17
Sep,474,1474,Men,49.89,3,65.91,4282.21,3.75,180.29,Article_7,5474,Chicago,51
Dec,475,1475,Children,14.3,9,276.31,3706.58,7.83,87.44,Article_5,5475,Los Angeles,59
May,476,1476,Children,13.42,2,129.36,3544.19,6.58,66.39,Article_2,5476,Texas,33
Jan,477,1477,Children,77.16,2,284.51,2607.17,1.7,232.35,Article_1,5477,Dallas,95
Oct,478,1478,Children,69.31,7,213.92,3311.31,5.62,189.93,Article_2,5478,Washington,92
Oct,479,1479,Women,82.19,4,320.74,2231.5,4.09,139.75,Article_3,5479,Chicago,88
Jan,480,1480,Men,19.48,8,93.19,2908.8,3.96,252.09,Article_6,5480,Washington,59
Feb,481,1481,Children,13.2,9,269.21,4172.25,6.42,147.01,Article_3,5481,Washington,25
Jun,482,1482,Women,55.77,7,147.46,4924.97,3.9,248.99,Article_1,5482,New Mexico,71
Sep,483,1483,Children,44.88,5,348.54,4729.96,7.99,126.44,Article_5,5483,Texas,18
Aug,484,1484,Men,51.58,8,374.93,4735.46,1.64,68.21,Article_7,5484,Los Angeles,21
May,485,1485,Women,99.24,4,398.74,2608.89,6.94,283.16,Article_7,5485,Chicago,92
Jan,486,1486,Men,97.37,2,328.6,2875.16,8.28,148.64,Article_4,5486,Dallas,32
Jul,487,1487,Men,94.81,6,313.81,3822.54,7.06,248.17,Article_3,5487,Los Angeles,37
May,488,1488,Women,80.55,9,125.43,4688.77,5.48,119.79,Article_1,5488,Dallas,34
Jun,489,1489,Women,41.94,1,167.6,1567.98,9.55,211.59,Article_4,5489,New York,66
Jul,490,1490,Women,47.09,7,212.99,2216.97,3.7,268.33,Article_5,5490,Washington,82
Mar,491,1491,Women,59.47,9,320.68,1556.99,1.17,60.41,Article_6,5491,New York,9
Dec,492,1492,Women,84.75,9,370.24,3448.03,4.89,257.66,Article_3,5492,New Mexico,90
Oct,493,1493,Women,16.18,3,116.2,2225.2,1.3,192.83,Article_6,5493,Washington,14
Mar,494,1494,Women,48.19,5,372.83,2304.43,9.59,201.87,Article_1,5494,Texas,10
May,495,1495,Children,17.44,8,293.47,1283.66,2.89,180.79,Article_6,5495,Los Angeles,89
Jun,496,1496,Men,56.32,8,263.77,2399.18,8.1,268.62,Article_6,5496,Dallas,23
Sep,497,1497,Women,90.9,4,119.94,4449.99,7.97,60.86,Article_1,5497,New Mexico,76
Dec,498,1498,Children,80.42,1,69.43,1932.29,2.96,115.26,Article_1,5498,Texas,95
May,499,1499,Children,30.51,1,248.96,3780.75,6.59,268.94,Article_3,5499,Dallas,3
Jan,500,1500,Children,97.84,4,278.03,3518.51,1.43,238.09,Article_6,5500,Los Angeles,12
Apr,501,1501,Men,70.06,6,123.77,4453.94,5.35,54.41,Article_4,5501,Chicago,72
May,502,1502,Women,10.94,8,244.76,1529.15,1.13,179.25,Article_1,5502,New Mexico,56
Dec,503,1503,Children,32.99,6,349.77,4910.36,9.29,182.39,Article_5,5503,New York,97
Oct,504,1504,Men,33.46,9,342.27,3330.51,9.78,150.22,Article_6,5504,New York,36
Oct,505,1505,Men,16.23,9,374.57,4981.9,3.0,124.35,Article_1,5505,Dallas,47
May,506,1506,Men,96.38,2,178.06,4646.06,2.87,220.43,Article_4,5506,Dallas,70
Jul,507,1507,Children,53.04,1,161.32,1886.07,7.78,101.95,Article_7,5507,Dallas,0
Apr,508,1508,Women,90.62,2,312.3,1224.65,3.28,249.74,Article_3,5508,New Mexico,59
Jan,509,1509,Children,39.0,5,200.89,2022.56,9.06,250.76,Article_6,5509,Los Angeles,11
May,510,1510,Children,21.27,4,80.64,3110.25,6.17,153.82,Article_7,5510,Chicago,20
Jul,511,1511,Women,52.69,4,148.98,1686.39,4.16,120.89,Article_1,5511,New York,10
Oct,512,1512,Women,20.26,9,196.5,1669.84,8.49,120.97,Article_1,5512,Texas,43
Oct,513,1513,Women,53.74,8,152.38,2850.37,5.44,170.57,Article_5,5513,Washington,57
Jun,514,1514,Men,92.83,6,166.27,1133.07,9.2,229.89,Article_5,5514,New Mexico,43
May,515,1515,Women,56.87,1,152.82,1487.55,9.35,139.72,Article_6,5515,New Mexico,77
Apr,516,1516,Children,65.48,2,64.52,2663.45,2.49,202.51,Article_7,5516,Los Angeles,97
Feb,517,1517,Women,24.1,6,272.98,1252.52,1.02,145.62,Article_7,5517,New York,33
Apr,518,1518,Children,13.94,2,259.05,2587.02,9.86,126.13,Article_1,5518,Chicago,24
Oct,519,1519,Men,19.97,5,278.68,2896.03,9.16,56.21,Article_6,5519,Los Angeles,3
Oct,520,1520,Children,63.87,5,117.31,2805.07,1.5,50.98,Article_1,5520,Texas,63
Mar,521,1521,Children,18.55,6,153.48,4476.7,8.5,106.8,Article_5,5521,New York,89
Oct,522,1522,Women,43.84,6,266.87,3120.25,5.12,151.6,Article_4,5522,Los Angeles,15
Jan,523,1523,Women,59.51,6,259.87,2871.92,3.33,262.82,Article_2,5523,New York,9
Aug,524,1524,Children,44.98,2,227.22,2642.84,8.91,249.62,Article_2,5524,New York,65
May,525,1525,Women,24.73,3,172.64,4270.49,2.77,116.79,Article_1,5525,New Mexico,34
Apr,526,1526,Men,34.64,6,369.53,4580.23,9.53,111.14,Article_7,5526,Chicago,82
Aug,527,1527,Men,93.55,8,168.92,4412.97,2.85,106.83,Article_5,5527,New Mexico,5
Jul,528,1528,Women,70.84,1,209.47,3694.19,6.52,134.81,Article_3,5528,Washington,18
Feb,529,1529,Men,54.64,1,287.34,1549.45,3.01,174.55,Article_3,5529,Chicago,58
Jan,530,1530,Women,11.14,2,240.06,2107.48,5.91,159.67,Article_2,5530,New York,52
Dec,531,1531,Children,99.32,6,171.41,1184.25,7.16,104.57,Article_4,5531,Los Angeles,7
Nov,532,1532,Children,70.43,9,202.48,4723.3,2.71,82.61,Article_2,5532,Texas,77
Apr,533,1533,Men,38.52,4,328.07,3643.19,5.69,53.14,Article_1,5533,Chicago,9
Aug,534,1534,Women,89.13,3,147.35,3985.45,5.22,88.49,Article_4,5534,Washington,66
Dec,535,1535,Women,33.26,8,99.79,2246.29,1.64,226.34,Article_3,5535,New York,37
Feb,536,1536,Men,58.96,9,159.61,4382.61,8.36,110.91,Article_7,5536,Texas,28
Mar,537,1537,Children,67.25,5,347.34,2038.41,4.02,167.15,Article_5,5537,Chicago,14
Dec,538,1538,Men,29.9,9,81.15,1006.58,6.17,197.83,Article_5,5538,New Mexico,86
Jan,539,1539,Children,98.06,2,397.09,2505.66,5.63,271.71,Article_1,5539,New Mexico,22
Jan,540,1540,Women,77.34,3,239.35,3283.05,5.62,272.21,Article_2,5540,Chicago,81
Mar,541,1541,Children,60.2,7,394.7,2914.82,1.97,236.43,Article_1,5541,Chicago,45
Nov,542,1542,Men,26.25,7,378.65,4448.3,4.81,58.79,Article_5,5542,Chicago,82
May,543,1543,Women,14.85,6,208.48,1421.62,5.07,193.77,Article_3,5543,Texas,27
Dec,544,1544,Men,38.81,6,119.47,3215.29,7.6,246.65,Article_5,5544,New Mexico,25
Mar,545,1545,Men,77.79,2,107.71,3051.92,8.56,54.32,Article_4,5545,Los Angeles,9
Jan,546,1546,Children,34.24,6,134.0,2125.57,5.9,187.42,Article_7,5546,Washington,46
Jan,547,1547,Men,58.56,4,298.55,4288.91,1.78,264.44,Article_7,5547,Washington,3
Aug,548,1548,Children,75.52,3,145.53,4011.39,3.13,168.53,Article_6,5548,New York,54
Oct,549,1549,Women,19.71,2,169.5,3931.44,2.48,51.03,Article_5,5549,Dallas,65
Nov,550,1550,Children,71.68,1,207.07,4504.77,2.12,52.75,Article_5,5550,Los Angeles,66
Dec,551,1551,Women,18.27,5,369.63,3891.14,4.29,154.16,Article_7,5551,New Mexico,6
Dec,552,1552,Children,96.86,2,116.29,1927.37,3.06,88.75,Article_6,5552,New York,54
Feb,553,1553,Men,53.96,2,51.76,3822.25,2.96,216.11,Article_4,5553,New York,79
Mar,554,1554,Children,23.56,7,71.03,2230.81,1.49,227.2,Article_2,5554,Chicago,30
Feb,555,1555,Children,40.81,8,366.67,1968.7,1.16,94.47,Article_5,5555,Dallas,73
Mar,556,1556,Women,47.21,8,276.63,1292.01,1.92,272.13,Article_7,5556,New Mexico,18
Jul,557,1557,Men,78.24,4,145.56,3976.11,2.55,160.48,Article_1,5557,Dallas,27
Jan,558,1558,Children,76.91,1,112.02,3844.0,4.88,85.71,Article_5,5558,Los Angeles,80
Oct,559,1559,Men,65.07,7,152.99,1938.0,5.59,241.06,Article_1,5559,Dallas,27
Aug,560,1560,Children,19.53,1,90.18,3997.52,2.27,247.49,Article_4,5560,New York,18
Oct,561,1561,Children,23.64,4,379.54,4671.36,4.82,209.82,Article_5,5561,Dallas,86
Oct,562,1562,Men,18.44,8,324.47,1432.12,4.08,263.37,Article_7,5562,Dallas,19
Oct,563,1563,Children,61.95,2,211.84,1930.55,2.65,234.34,Article_4,5563,Washington,12
Feb,564,1564,Men,88.94,6,352.74,4001.04,1.06,270.55,Article_4,5564,New Mexico,76
Mar,565,1565,Children,49.04,6,137.31,2098.03,5.2,158.47,Article_2,5565,New Mexico,42
Sep,566,1566,Women,24.48,9,300.99,3498.66,7.17,236.9,Article_5,5566,New York,10
Jul,567,1567,Men,60.22,5,349.65,1324.66,3.04,299.94,Article_1,5567,Texas,47
Apr,568,1568,Children,83.06,4,174.87,2808.81,2.19,231.23,Article_1,5568,Dallas,14
Oct,569,1569,Children,76.75,5,315.11,3956.37,8.98,78.55,Article_5,5569,Dallas,16
May,570,1570,Women,89.33,5,153.28,3746.06,3.48,179.58,Article_6,5570,Chicago,53
Feb,571,1571,Men,35.01,8,154.6,4260.29,3.01,196.84,Article_2,5571,New Mexico,49
Nov,572,1572,Children,27.46,8,87.47,4509.81,8.71,93.55,Article_2,5572,Dallas,27
Aug,573,1573,Women,89.18,2,204.02,4092.73,8.35,290.72,Article_2,5573,New Mexico,82
Apr,574,1574,Children,69.18,7,305.4,3686.35,5.04,93.89,Article_1,5574,Dallas,3
Sep,575,1575,Men,37.98,8,379.08,1126.89,5.4,94.39,Article_4,5575,Washington,21
May,576,1576,Children,76.81,6,261.33,3139.87,2.96,278.79,Article_7,5576,New York,85
Sep,577,1577,Children,83.36,5,352.1,1150.79,1.7,166.3,Article_6,5577,New Mexico,38
Apr,578,1578,Children,65.35,9,337.87,4232.27,6.16,65.8,Article_2,5578,Los Angeles,33
Oct,579,1579,Children,71.91,3,110.67,2282.9,1.89,199.55,Article_1,5579,New York,96
May,580,1580,Women,43.77,4,220.04,3249.72,5.04,200.46,Article_1,5580,Chicago,43
Sep,581,1581,Women,58.48,9,90.92,2117.78,9.46,66.13,Article_4,5581,New York,41
Aug,582,1582,Men,57.17,6,288.75,4130.0,9.58,293.13,Article_5,5582,Dallas,39
Mar,583,1583,Women,86.32,8,382.46,4546.01,3.15,186.01,Article_5,5583,Chicago,96
Jan,584,1584,Women,85.6,7,97.98,2594.57,6.62,189.95,Article_7,5584,New York,11
Mar,585,1585,Men,84.94,2,306.86,4451.69,5.27,180.03,Article_7,5585,Chicago,1
Apr,586,1586,Women,10.99,3,271.28,2068.3,8.88,202.68,Article_2,5586,Los Angeles,27
Feb,587,1587,Women,77.46,1,254.26,3138.64,3.44,116.07,Article_7,5587,New York,73
Jan,588,1588,Men,78.28,9,186.54,4435.05,1.03,121.81,Article_2,5588,New Mexico,85
Jul,589,1589,Men,71.05,7,174.3,2303.53,2.46,177.83,Article_6,5589,New Mexico,80
Aug,590,1590,Men,78.06,1,65.84,4816.17,4.15,251.67,Article_7,5590,Texas,89
Jul,591,1591,Children,85.78,3,126.27,1487.52,3.84,62.47,Article_4,5591,Dallas,66
May,592,1592,Children,52.33,4,55.31,1073.1,8.12,200.85,Article_2,5592,Chicago,70
Dec,593,1593,Men,55.18,4,253.5,4616.54,7.13,251.69,Article_4,5593,Texas,71
Jan,594,1594,Men,21.22,5,87.05,1274.59,3.7,89.23,Article_1,5594,Texas,83
Jul,595,1595,Men,44.68,3,355.56,4967.56,5.12,53.76,Article_2,5595,Washington,75
Jul,596,1596,Children,67.9,3,233.1,4805.59,1.86,128.18,Article_1,5596,Chicago,98
Sep,597,1597,Children,80.24,1,294.89,1548.08,9.08,197.04,Article_3,5597,Texas,80
Mar,598,1598,Women,29.55,7,193.8,3150.34,9.42,84.57,Article_4,5598,Washington,91
Sep,599,1599,Women,22.4,1,246.2,1739.68,9.82,156.53,Article_3,5599,Texas,9
Jan,600,1600,Men,69.67,2,379.93,2712.62,8.82,188.08,Article_2,5600,Dallas,85
Jan,601,1601,Children,10.17,4,78.96,1245.7,2.57,199.72,Article_1,5601,Los Angeles,56
Apr,602,1602,Children,26.05,4,138.88,1895.7,1.42,118.6,Article_2,5602,Washington,96
Sep,603,1603,Children,12.62,5,323.0,2453.09,6.22,150.01,Article_3,5603,Los Angeles,85
Jun,604,1604,Men,25.02,2,84.56,2754.59,9.21,244.58,Article_2,5604,Chicago,36
Nov,605,1605,Women,26.32,4,76.48,4909.99,2.6,285.3,Article_6,5605,Dallas,76
Mar,606,1606,Men,44.89,1,176.54,4231.46,1.06,265.47,Article_5,5606,Washington,90
Jan,607,1607,Women,46.21,2,82.26,3949.64,8.25,191.07,Article_3,5607,Chicago,63
Apr,608,1608,Women,88.68,1,254.78,3148.17,1.69,152.57,Article_2,5608,Texas,78
Dec,609,1609,Men,55.91,4,129.2,4359.99,4.72,133.24,Article_1,5609,New Mexico,85
Sep,610,1610,Women,75.11,4,363.49,2357.29,7.11,81.24,Article_2,5610,New York,93
Mar,611,1611,Women,19.37,7,324.23,3835.6,3.13,76.64,Article_1,5611,Chicago,39
Dec,612,1612,Children,30.29,9,294.9,4975.14,1.76,222.09,Article_5,5612,Los Angeles,97
Sep,613,1613,Women,73.26,9,265.93,2258.52,7.93,114.95,Article_2,5613,Dallas,59
Jul,614,1614,Men,14.75,5,352.21,3696.07,6.67,113.67,Article_7,5614,Dallas,97
Dec,615,1615,Men,53.79,1,128.07,4377.26,9.9,299.55,Article_7,5615,Chicago,47
Apr,616,1616,Women,63.94,1,355.59,4663.23,4.1,96.98,Article_5,5616,Texas,98
Mar,617,1617,Children,64.19,6,326.32,3871.73,1.56,87.01,Article_3,5617,New York,18
Oct,618,1618,Children,12.06,2,311.86,2134.43,7.61,74.67,Article_1,5618,Los Angeles,71
May,619,1619,Women,38.99,8,246.44,2305.13,5.7,194.95,Article_7,5619,Chicago,32
May,620,1620,Women,67.28,9,136.19,1083.03,2.92,206.97,Article_6,5620,Chicago,43
Mar,621,1621,Men,23.41,4,198.24,4043.54,8.04,141.31,Article_3,5621,New Mexico,91
Dec,622,1622,Women,72.59,5,327.75,1170.96,2.83,183.85,Article_1,5622,Dallas,36
Sep,623,1623,Children,77.13,8,61.12,4458.61,3.35,247.1,Article_5,5623,Los Angeles,88
Apr,624,1624,Women,98.38,3,323.72,1474.64,1.83,254.53,Article_7,5624,New York,35
Nov,625,1625,Men,28.89,5,134.02,1687.51,4.59,289.48,Article_4,5625,Dallas,80
May,626,1626,Men,84.26,3,100.51,2906.11,4.77,256.07,Article_2,5626,Chicago,87
Apr,627,1627,Men,56.83,3,90.5,3951.52,5.63,191.21,Article_5,5627,Dallas,20
May,628,1628,Men,43.61,3,59.54,1556.01,7.38,94.91,Article_1,5628,Dallas,1
Jul,629,1629,Men,21.01,7,233.26,2760.28,9.15,74.94,Article_1,5629,Washington,30
Sep,630,1630,Women,76.2,7,126.39,2931.41,2.24,63.63,Article_1,5630,Dallas,96
Jul,631,1631,Women,31.23,7,396.3,1849.14,1.49,216.63,Article_1,5631,Texas,29
May,632,1632,Women,43.43,8,251.05,1462.23,1.17,251.88,Article_2,5632,Dallas,75
Oct,633,1633,Women,15.63,5,98.26,4345.68,2.29,177.17,Article_3,5633,Texas,43
Oct,634,1634,Men,82.12,5,291.07,3009.86,6.92,63.68,Article_6,5634,Los Angeles,11
Jul,635,1635,Children,78.99,4,364.21,1057.52,7.55,183.87,Article_4,5635,Dallas,50
Oct,636,1636,Women,76.03,7,310.81,4211.93,8.08,283.94,Article_2,5636,New York,48
May,637,1637,Children,36.95,4,76.75,4923.18,3.19,199.4,Article_1,5637,Texas,23
Mar,638,1638,Women,25.61,2,363.56,3423.7,3.75,252.36,Article_2,5638,Texas,23
Jul,639,1639,Women,67.38,4,327.88,3014.83,5.35,250.04,Article_5,5639,Chicago,59
Nov,640,1640,Children,54.65,8,105.41,4513.66,1.57,283.03,Article_6,5640,Los Angeles,10
Nov,641,1641,Men,26.04,9,68.13,4810.07,6.5,242.56,Article_1,5641,Dallas,12
Feb,642,1642,Women,71.73,3,245.06,4018.15,9.85,236.93,Article_4,5642,New Mexico,90
Dec,643,1643,Women,99.2,7,104.61,2781.81,4.25,108.53,Article_1,5643,New York,71
Sep,644,1644,Women,77.25,9,342.11,3368.89,7.78,64.98,Article_6,5644,Chicago,73
Oct,645,1645,Children,76.6,4,175.42,3803.74,5.5,179.4,Article_4,5645,Los Angeles,71
Oct,646,1646,Men,95.53,3,369.51,1777.09,2.15,81.11,Article_6,5646,Texas,63
Dec,647,1647,Children,28.26,5,247.99,2788.8,6.24,290.55,Article_4,5647,New York,19
Jan,648,1648,Children,60.9,1,113.94,4319.29,3.7,122.48,Article_3,5648,Dallas,71
Jun,649,1649,Men,98.17,3,98.86,3618.9,1.31,263.24,Article_7,5649,New Mexico,72
Jul,650,1650,Children,24.88,8,251.77,2644.82,6.71,146.91,Article_3,5650,Washington,70
Aug,651,1651,Men,73.02,8,316.66,3653.45,8.73,130.8,Article_2,5651,Washington,77
Oct,652,1652,Women,62.72,4,323.53,1472.89,4.1,283.79,Article_2,5652,Los Angeles,27
Sep,653,1653,Men,62.78,2,146.52,2605.99,4.51,140.83,Article_4,5653,New Mexico,1
Feb,654,1654,Women,72.79,8,121.49,4172.51,9.02,147.57,Article_1,5654,New York,42
Nov,655,1655,Children,93.67,8,55.86,1882.04,8.32,76.52,Article_7,5655,Chicago,7
Oct,656,1656,Children,80.43,4,287.72,1743.85,7.43,217.61,Article_5,5656,New York,12
Feb,657,1657,Women,15.05,3,76.8,4803.27,3.24,122.21,Article_5,5657,New Mexico,84
May,658,1658,Children,86.75,2,197.27,1839.59,9.19,196.4,Article_1,5658,Texas,91
May,659,1659,Men,30.3,9,260.59,2043.67,2.39,197.84,Article_1,5659,Washington,34
Jun,660,1660,Women,43.92,1,377.99,4878.46,6.64,229.8,Article_3,5660,Los Angeles,22
Mar,661,1661,Children,51.56,7,159.13,3938.83,1.26,236.31,Article_5,5661,Dallas,45
Aug,662,1662,Women,53.28,5,137.42,3798.39,6.79,178.61,Article_4,5662,New York,14
Jan,663,1663,Men,49.17,8,278.96,4411.71,3.49,132.75,Article_6,5663,Washington,1
Jun,664,1664,Men,94.36,4,266.73,1463.29,5.05,259.36,Article_2,5664,Chicago,60
Apr,665,1665,Children,73.54,7,166.24,3823.82,4.11,127.47,Article_6,5665,Los Angeles,75
Jan,666,1666,Men,66.81,5,374.84,3014.75,2.55,176.88,Article_3,5666,Dallas,63
Jul,667,1667,Women,14.49,5,345.7,4316.6,6.6,150.31,Article_5,5667,New York,51
Sep,668,1668,Men,91.35,9,128.39,3032.57,8.94,263.77,Article_7,5668,Chicago,35
Apr,669,1669,Women,91.85,9,133.7,3480.97,9.63,157.98,Article_1,5669,Dallas,66
Apr,670,1670,Women,80.22,9,229.31,2910.97,2.73,146.52,Article_7,5670,Texas,68
Jun,671,1671,Men,10.63,6,320.75,2912.64,7.46,222.46,Article_7,5671,Washington,66
Dec,672,1672,Children,15.16,6,65.41,4071.88,6.98,200.61,Article_5,5672,Texas,46
Mar,673,1673,Men,30.27,5,292.67,3514.27,4.09,76.81,Article_4,5673,Washington,82
Dec,674,1674,Women,21.82,9,276.88,3533.05,1.17,177.04,Article_3,5674,Chicago,1
Jun,675,1675,Women,45.9,8,131.02,2801.13,7.21,233.87,Article_1,5675,Texas,43
Jul,676,1676,Men,93.04,7,288.47,3124.44,9.51,298.02,Article_6,5676,Washington,63
Nov,677,1677,Children,52.49,7,379.06,3982.87,6.69,207.29,Article_4,5677,Los Angeles,80
Oct,678,1678,Children,11.21,6,66.38,4303.76,4.92,142.57,Article_6,5678,Chicago,77
Oct,679,1679,Women,35.45,5,161.88,3786.25,5.73,106.54,Article_2,5679,Washington,27
Mar,680,1680,Women,14.01,4,203.36,4696.29,2.8,268.21,Article_3,5680,New York,90
Jul,681,1681,Children,13.27,3,364.74,4281.3,7.75,253.64,Article_4,5681,Washington,53
Mar,682,1682,Men,34.81,3,386.79,3247.46,7.72,108.48,Article_4,5682,Texas,73
Feb,683,1683,Women,34.81,6,205.44,3685.62,2.31,100.16,Article_6,5683,Los Angeles,66
Dec,684,1684,Women,80.84,4,312.51,4705.23,8.9,228.78,Article_1,5684,Dallas,35
Oct,685,1685,Children,97.74,6,236.08,3476.67,3.42,128.74,Article_2,5685,Dallas,62
Apr,686,1686,Men,43.41,3,238.22,4299.23,9.84,126.6,Article_6,5686,Washington,24
Dec,687,1687,Children,48.6,4,147.33,3755.24,4.45,88.07,Article_4,5687,Dallas,85
Aug,688,1688,Men,86.03,9,125.93,3207.75,2.6,115.99,Article_3,5688,Washington,47
Sep,689,1689,Men,34.13,5,150.8,1967.35,4.17,156.88,Article_4,5689,Los Angeles,38
Jul,690,1690,Men,24.07,7,244.71,2703.99,4.96,233.21,Article_5,5690,Dallas,46
Jan,691,1691,Women,86.78,2,60.2,4870.97,1.62,134.08,Article_3,5691,Texas,93
Mar,692,1692,Children,14.19,5,367.54,3631.06,6.2,132.15,Article_3,5692,Texas,20
Dec,693,1693,Children,65.77,9,104.7,3257.58,6.38,121.23,Article_4,5693,New York,29
Sep,694,1694,Men,60.58,3,127.03,4731.83,7.65,169.57,Article_1,5694,Washington,91
Dec,695,1695,Women,41.13,9,231.4,3346.05,1.26,95.16,Article_3,5695,Dallas,30
Jan,696,1696,Women,38.37,6,298.54,3104.33,5.87,171.41,Article_5,5696,Texas,25
Sep,697,1697,Children,79.47,4,83.51,4037.24,1.48,226.04,Article_6,5697,New Mexico,21
Aug,698,1698,Women,17.78,7,161.19,3850.66,7.31,57.45,Article_1,5698,Los Angeles,20
Jan,699,1699,Women,31.31,8,389.04,1772.64,1.5,52.44,Article_1,5699,Los Angeles,0
Jun,700,1700,Men,75.92,6,141.82,2885.23,9.21,68.78,Article_1,5700,New Mexico,36
May,701,1701,Women,59.35,5,159.57,2890.06,7.32,183.92,Article_3,5701,New Mexico,76
Jun,702,1702,Men,21.52,6,342.77,2512.9,5.57,263.61,Article_1,5702,New York,84
Oct,703,1703,Children,89.39,5,67.58,3069.17,4.97,51.22,Article_4,5703,Los Angeles,45
Dec,704,1704,Women,45.41,8,212.61,2652.43,2.18,284.17,Article_1,5704,Los Angeles,8
May,705,1705,Children,84.51,1,182.87,1797.38,3.62,76.57,Article_5,5705,Dallas,16
Jun,706,1706,Children,80.89,7,160.81,2649.47,8.82,260.5,Article_2,5706,Washington,46
May,707,1707,Women,66.2,2,149.99,1289.11,9.14,170.71,Article_5,5707,Chicago,84
Nov,708,1708,Women,54.5,9,81.98,3303.14,1.01,214.84,Article_3,5708,Los Angeles,94
Dec,709,1709,Children,98.16,1,160.19,4414.62,6.35,177.67,Article_1,5709,Los Angeles,58
May,710,1710,Women,23.05,6,65.07,3901.15,7.47,169.26,Article_1,5710,Chicago,53
Apr,711,1711,Men,75.26,9,323.34,2441.58,6.57,258.72,Article_4,5711,Los Angeles,85
Mar,712,1712,Men,27.21,1,189.38,1348.28,1.74,238.97,Article_6,5712,Dallas,11
Mar,713,1713,Women,40.44,4,205.37,1808.6,2.96,170.85,Article_1,5713,Dallas,63
Apr,714,1714,Children,37.78,4,362.76,3181.96,3.25,77.91,Article_7,5714,Chicago,5
Sep,715,1715,Women,95.23,9,280.32,1828.23,8.49,78.85,Article_5,5715,Texas,52
Feb,716,1716,Women,97.06,5,52.82,3175.89,5.17,250.38,Article_3,5716,Los Angeles,15
Sep,717,1717,Children,26.47,5,380.11,1926.4,5.38,182.35,Article_2,5717,Texas,89
Jan,718,1718,Children,11.98,6,133.0,4395.7,9.41,170.4,Article_1,5718,Los Angeles,4
Jan,719,1719,Men,74.8,1,87.66,2589.09,6.73,220.14,Article_2,5719,Washington,72
May,720,1720,Children,47.62,1,318.84,1982.2,9.09,264.71,Article_1,5720,Los Angeles,45
Jun,721,1721,Men,18.0,9,225.17,4249.3,5.11,207.22,Article_3,5721,Dallas,13
Jun,722,1722,Children,71.54,3,201.82,2371.36,2.34,240.71,Article_6,5722,New York,43
Mar,723,1723,Women,59.06,4,137.33,1445.95,9.37,241.32,Article_5,5723,New Mexico,62
Jul,724,1724,Men,98.25,1,241.62,3281.64,5.13,139.07,Article_3,5724,New York,93
Sep,725,1725,Men,30.47,9,146.03,3326.26,2.63,118.52,Article_2,5725,New York,51
Nov,726,1726,Men,46.36,8,365.55,3858.78,3.72,250.29,Article_1,5726,New York,25
Dec,727,1727,Women,58.83,2,125.32,1960.88,1.46,144.29,Article_2,5727,New Mexico,52
Oct,728,1728,Women,81.25,8,359.52,2775.09,5.21,275.83,Article_5,5728,Texas,28
Aug,729,1729,Women,59.4,7,245.79,2129.47,8.68,67.42,Article_7,5729,New Mexico,18
Jun,730,1730,Women,65.16,6,339.97,1323.81,9.4,64.55,Article_3,5730,Texas,46
Dec,731,1731,Women,30.35,1,299.5,4506.46,9.39,281.75,Article_2,5731,New Mexico,7
Aug,732,1732,Men,86.22,7,293.84,3915.48,2.13,212.11,Article_2,5732,New Mexico,22
Dec,733,1733,Women,48.58,7,163.52,2205.85,4.44,144.9,Article_5,5733,Los Angeles,34
May,734,1734,Men,22.69,9,131.86,3397.49,1.25,238.77,Article_7,5734,Texas,94
Aug,735,1735,Women,69.78,1,123.81,1805.06,8.7,218.08,Article_1,5735,Los Angeles,52
Oct,736,1736,Children,29.45,2,350.02,4560.95,4.23,182.8,Article_7,5736,Washington,98
Dec,737,1737,Men,18.78,9,337.15,1459.63,6.68,74.72,Article_2,5737,Los Angeles,95
Apr,738,1738,Children,87.58,9,204.2,1015.35,7.43,253.04,Article_5,5738,New York,57
Oct,739,1739,Men,51.41,6,96.34,3008.03,4.87,266.51,Article_1,5739,Chicago,4
Aug,740,1740,Children,77.44,6,183.79,3332.51,3.76,93.04,Article_7,5740,Chicago,15
Oct,741,1741,Women,36.15,4,266.77,3315.86,9.66,262.63,Article_7,5741,Dallas,16
Dec,742,1742,Women,80.83,4,209.04,1218.05,9.68,269.46,Article_7,5742,Dallas,31
Feb,743,1743,Women,20.07,5,323.07,2256.18,3.6,187.36,Article_6,5743,Los Angeles,95
Dec,744,1744,Men,42.04,3,399.17,2996.8,5.32,214.04,Article_1,5744,New Mexico,51
Dec,745,1745,Children,98.03,1,116.9,1866.32,9.76,145.56,Article_7,5745,New Mexico,19
May,746,1746,Women,81.46,1,210.88,4490.5,1.04,120.45,Article_6,5746,Chicago,65
Sep,747,1747,Children,54.75,7,200.84,1348.44,4.71,230.5,Article_3,5747,New York,83
Apr,748,1748,Children,40.58,1,156.57,2949.54,1.9,265.47,Article_5,5748,Texas,81
Nov,749,1749,Women,88.49,1,119.33,3765.66,5.58,213.52,Article_7,5749,New York,0
Jun,750,1750,Women,59.04,3,72.99,2047.0,1.22,177.9,Article_1,5750,New York,57
Jan,751,1751,Children,78.26,4,360.49,3496.96,4.66,89.73,Article_6,5751,Los Angeles,92
Sep,752,1752,Women,77.87,4,196.95,4317.54,2.99,63.36,Article_6,5752,Los Angeles,92
Jan,753,1753,Women,11.62,2,223.91,1761.35,5.8,161.42,Article_3,5753,Washington,82
May,754,1754,Women,21.36,1,370.93,4668.88,9.96,62.34,Article_4,5754,New York,43
Apr,755,1755,Men,69.37,3,321.7,3214.23,8.2,192.33,Article_5,5755,New Mexico,5
Dec,756,1756,Children,24.55,4,95.68,2196.93,8.61,145.68,Article_4,5756,New Mexico,49
Mar,757,1757,Children,32.99,3,247.9,2723.43,6.72,239.3,Article_1,5757,New York,71
Jun,758,1758,Men,95.2,8,204.79,2248.77,1.37,126.41,Article_5,5758,Los Angeles,87
Feb,759,1759,Children,60.42,1,329.02,3900.44,2.86,198.25,Article_3,5759,Los Angeles,19
Mar,760,1760,Women,77.57,2,303.48,4185.2,9.33,184.42,Article_1,5760,Washington,13
May,761,1761,Children,60.22,7,291.64,4331.75,4.3,51.18,Article_5,5761,Washington,4
Sep,762,1762,Women,59.73,4,169.19,4943.07,1.93,68.1,Article_5,5762,Dallas,40
Feb,763,1763,Men,18.47,8,331.74,4165.14,7.32,122.59,Article_4,5763,Chicago,39
Oct,764,1764,Women,40.93,3,68.34,3405.54,3.7,270.56,Article_1,5764,New York,33
Aug,765,1765,Children,35.42,6,105.87,2356.88,3.42,86.75,Article_3,5765,New Mexico,79
Feb,766,1766,Children,45.17,9,167.47,3178.38,9.98,227.72,Article_3,5766,New York,44
Nov,767,1767,Children,81.85,1,76.88,1164.27,8.72,293.34,Article_1,5767,Washington,70
May,768,1768,Men,43.47,1,132.25,3979.3,4.67,247.64,Article_1,5768,Washington,79
Jul,769,1769,Men,50.65,8,340.55,2783.82,9.82,110.74,Article_6,5769,Dallas,70
Aug,770,1770,Children,45.76,3,381.89,1080.09,6.85,277.09,Article_2,5770,Chicago,26
Jan,771,1771,Women,18.41,5,156.61,1250.03,7.68,73.28,Article_4,5771,Dallas,77
Jun,772,1772,Men,49.7,1,142.58,2549.87,1.28,167.04,Article_1,5772,New Mexico,77
Jan,773,1773,Children,27.6,5,147.96,3333.69,2.09,271.89,Article_1,5773,Chicago,43
Feb,774,1774,Children,26.81,6,147.2,2856.82,6.7,210.32,Article_2,5774,Texas,32
Jan,775,1775,Men,18.46,8,62.58,3476.82,9.09,153.41,Article_2,5775,New York,32
Nov,776,1776,Men,42.1,3,374.42,2921.18,6.61,123.2,Article_5,5776,Dallas,43
May,777,1777,Men,78.17,3,124.79,3646.82,2.21,143.77,Article_7,5777,Washington,19
Oct,778,1778,Women,34.88,9,197.0,1876.5,2.04,177.24,Article_3,5778,Dallas,35
Sep,779,1779,Women,38.11,4,53.39,1451.37,8.6,129.76,Article_4,5779,Texas,6
Jun,780,1780,Children,67.84,4,350.28,3385.74,2.25,292.24,Article_5,5780,Dallas,31
Nov,781,1781,Men,27.63,7,305.91,2938.76,5.68,283.27,Article_1,5781,New York,66
Nov,782,1782,Women,90.73,2,381.36,1107.47,1.33,267.67,Article_2,5782,Texas,38
Jan,783,1783,Men,56.82,8,323.57,2521.93,1.73,155.46,Article_6,5783,Washington,92
Jan,784,1784,Children,50.28,6,159.8,1424.5,7.05,222.83,Article_3,5784,Washington,23
Feb,785,1785,Women,60.2,3,136.76,3125.43,7.2,275.71,Article_5,5785,Los Angeles,85
Sep,786,1786,Women,24.94,9,294.2,2583.11,4.07,262.61,Article_6,5786,Texas,69
Mar,787,1787,Women,65.21,5,177.44,3452.61,2.94,153.58,Article_3,5787,Los Angeles,87
Jan,788,1788,Children,42.68,8,248.18,4222.41,8.32,78.1,Article_7,5788,Los Angeles,86
May,789,1789,Men,90.75,7,52.19,2198.67,2.95,68.91,Article_7,5789,New York,53
Jul,790,1790,Women,25.2,8,71.66,4848.41,5.88,194.27,Article_6,5790,Dallas,37
Jun,791,1791,Children,55.63,7,237.38,3142.54,9.71,210.66,Article_2,5791,Washington,73
Dec,792,1792,Men,63.83,3,248.13,3473.16,2.33,262.46,Article_5,5792,Washington,79
Jan,793,1793,Children,13.0,2,313.01,3722.69,9.47,123.13,Article_5,5793,Dallas,74
May,794,1794,Men,42.73,7,96.19,3666.93,2.65,91.87,Article_7,5794,Washington,31
May,795,1795,Children,75.94,3,229.61,3043.88,6.11,144.75,Article_3,5795,Dallas,44
Jun,796,1796,Men,83.83,3,118.06,2715.06,4.39,138.39,Article_6,5796,Texas,60
Mar,797,1797,Women,38.18,2,82.62,1215.13,9.68,83.12,Article_2,5797,New York,69
May,798,1798,Men,81.87,4,193.67,1088.34,3.46,218.07,Article_1,5798,New York,87
Jul,799,1799,Children,97.1,8,107.17,2431.84,4.6,177.17,Article_5,5799,New Mexico,96
May,800,1800,Children,87.12,1,127.62,2334.64,9.85,230.28,Article_1,5800,New York,52
May,801,1801,Men,20.59,1,161.14,2550.78,5.83,138.17,Article_2,5801,Dallas,50
May,802,1802,Women,76.58,5,140.79,1553.47,5.52,131.43,Article_7,5802,New Mexico,75
Oct,803,1803,Women,38.77,5,80.66,3952.67,3.32,168.14,Article_5,5803,Dallas,55
Oct,804,1804,Men,98.96,1,81.47,4427.86,7.31,269.35,Article_5,5804,Chicago,26
Mar,805,1805,Men,53.68,6,117.64,4754.86,1.13,60.07,Article_6,5805,New Mexico,37
Jan,806,1806,Children,21.02,1,67.7,2969.45,1.45,251.21,Article_1,5806,Washington,61
May,807,1807,Women,75.27,5,269.26,3803.46,6.39,142.25,Article_7,5807,Washington,17
Sep,808,1808,Men,39.07,9,150.56,4422.2,4.08,263.65,Article_6,5808,Chicago,63
Jan,809,1809,Women,99.74,5,147.91,2673.16,9.58,250.55,Article_4,5809,Chicago,76
Mar,810,1810,Men,98.18,6,166.2,2237.65,9.13,137.19,Article_1,5810,New York,29
Apr,811,1811,Men,69.05,8,281.98,4746.9,7.42,223.47,Article_1,5811,Chicago,48
Jan,812,1812,Women,21.68,1,354.72,3062.71,8.36,89.91,Article_4,5812,Dallas,40
Jan,813,1813,Men,71.82,2,315.68,2989.02,7.01,274.07,Article_2,5813,Los Angeles,12
Aug,814,1814,Men,18.37,9,304.64,1713.66,2.13,151.12,Article_2,5814,Dallas,33
Feb,815,1815,Children,12.64,3,219.54,1432.62,7.89,163.91,Article_5,5815,New Mexico,99
Dec,816,1816,Men,84.07,6,292.83,4368.43,2.89,226.44,Article_3,5816,Chicago,93
Aug,817,1817,Men,28.88,5,243.47,3456.53,3.91,255.21,Article_6,5817,Washington,24
Jul,818,1818,Men,44.11,2,125.69,2303.3,8.37,109.09,Article_3,5818,Dallas,65
Oct,819,1819,Children,97.61,7,123.01,1766.94,5.83,215.34,Article_5,5819,Washington,99
Oct,820,1820,Women,40.32,4,153.74,3221.99,8.74,148.0,Article_3,5820,Dallas,17
Feb,821,1821,Children,36.68,1,368.78,3335.68,2.92,142.18,Article_1,5821,Washington,4
Jun,822,1822,Children,92.64,4,241.6,1827.97,6.47,222.51,Article_1,5822,Texas,18
Jun,823,1823,Women,19.97,6,306.87,4405.62,1.75,146.8,Article_4,5823,Dallas,41
Mar,824,1824,Children,78.36,7,171.3,1337.06,6.79,136.53,Article_4,5824,New Mexico,17
Nov,825,1825,Women,98.93,7,192.7,2424.37,7.86,258.97,Article_5,5825,Washington,31
Feb,826,1826,Children,91.12,7,93.95,3721.54,6.26,75.32,Article_5,5826,Los Angeles,20
Dec,827,1827,Women,68.65,3,109.95,2096.48,3.4,218.97,Article_7,5827,New Mexico,9
Jan,828,1828,Men,38.27,6,339.57,4310.7,1.28,112.18,Article_5,5828,New York,36
Jun,829,1829,Children,32.89,8,254.69,3959.47,2.08,53.87,Article_1,5829,Dallas,48
Dec,830,1830,Children,83.73,4,168.14,4156.09,6.6,91.69,Article_3,5830,Los Angeles,85
May,831,1831,Children,89.18,8,331.0,1476.43,9.41,201.67,Article_6,5831,New York,12
Nov,832,1832,Children,57.29,2,136.28,1562.19,2.86,227.28,Article_7,5832,Dallas,54
Sep,833,1833,Men,31.99,9,391.61,2145.89,7.62,55.26,Article_7,5833,Los Angeles,16
Jan,834,1834,Children,20.16,9,170.69,3072.31,8.8,59.11,Article_7,5834,Los Angeles,8
Jul,835,1835,Men,17.85,8,168.06,3992.06,5.69,275.64,Article_5,5835,New Mexico,87
May,836,1836,Men,74.72,1,159.17,4346.12,7.02,68.33,Article_5,5836,Texas,43
May,837,1837,Men,47.81,2,92.74,3817.34,8.34,273.55,Article_1,5837,Los Angeles,77
Feb,838,1838,Men,91.48,6,88.9,4714.39,3.35,107.04,Article_6,5838,Texas,45
Nov,839,1839,Women,76.57,5,276.84,3954.97,3.67,235.0,Article_1,5839,Chicago,7
Mar,840,1840,Women,27.21,9,356.29,2225.07,1.01,127.43,Article_6,5840,New Mexico,36
Jul,841,1841,Children,65.24,5,326.68,2060.33,9.67,264.69,Article_1,5841,Washington,18
Jun,842,1842,Women,49.2,2,99.39,3784.77,9.26,225.11,Article_3,5842,New Mexico,62
Dec,843,1843,Women,61.95,4,240.95,1771.48,7.88,150.45,Article_5,5843,New York,91
Feb,844,1844,Children,76.43,9,86.96,1370.86,1.71,69.08,Article_2,5844,Washington,45
Jun,845,1845,Children,82.56,1,65.85,3128.89,5.03,233.18,Article_2,5845,Washington,93
Feb,846,1846,Children,85.94,1,279.74,4286.57,1.92,204.22,Article_5,5846,Texas,70
Feb,847,1847,Women,32.86,7,237.3,1405.52,1.14,50.73,Article_7,5847,Washington,25
Feb,848,1848,Women,12.8,3,78.71,4167.57,6.55,52.35,Article_5,5848,Los Angeles,45
Nov,849,1849,Children,76.54,2,62.23,4246.29,9.65,252.2,Article_5,5849,Texas,45
Mar,850,1850,Men,19.57,9,396.41,2929.1,9.13,114.85,Article_5,5850,Washington,74
Feb,851,1851,Children,38.34,3,60.51,1229.24,7.27,209.03,Article_7,5851,Texas,13
Apr,852,1852,Men,10.34,2,205.58,1698.36,1.87,163.55,Article_6,5852,Chicago,84
Sep,853,1853,Men,71.35,8,226.62,3829.71,3.47,265.86,Article_3,5853,Texas,62
Jun,854,1854,Children,25.04,6,91.05,3847.11,3.88,279.24,Article_2,5854,Dallas,71
Jan,855,1855,Children,68.98,6,109.17,4593.42,7.87,299.2,Article_4,5855,Los Angeles,2
Aug,856,1856,Children,99.26,7,173.13,3330.74,8.22,88.42,Article_2,5856,New York,27
Dec,857,1857,Women,16.54,7,316.59,1496.43,4.47,265.74,Article_2,5857,Dallas,28
Jul,858,1858,Men,16.94,6,227.48,1485.66,4.76,116.51,Article_7,5858,Dallas,86
Oct,859,1859,Women,40.63,4,273.27,3884.53,1.4,197.7,Article_1,5859,Dallas,17
Mar,860,1860,Women,87.97,9,394.81,1735.14,3.6,176.44,Article_5,5860,Washington,34
Jan,861,1861,Children,29.4,6,318.8,2313.54,5.06,54.5,Article_5,5861,Texas,76
May,862,1862,Women,42.43,4,202.03,2948.85,2.05,283.19,Article_5,5862,Texas,75
Apr,863,1863,Children,16.17,3,206.25,1099.06,5.08,69.58,Article_1,5863,New Mexico,46
Oct,864,1864,Men,78.68,4,266.57,1995.28,8.68,222.05,Article_7,5864,Washington,4
Aug,865,1865,Children,46.75,3,282.88,2631.56,6.23,246.25,Article_3,5865,Los Angeles,74
Jan,866,1866,Women,78.33,2,225.25,2118.55,1.71,248.82,Article_3,5866,Washington,58
Oct,867,1867,Women,91.32,5,275.7,1545.48,2.73,83.87,Article_7,5867,Washington,74
Jan,868,1868,Children,30.95,2,58.24,3912.05,5.27,161.89,Article_4,5868,Washington,58
Dec,869,1869,Children,82.67,6,200.37,4252.59,4.25,257.36,Article_3,5869,Los Angeles,46
Apr,870,1870,Women,15.32,3,147.63,2029.92,4.23,125.67,Article_7,5870,New Mexico,94
Aug,871,1871,Men,90.9,6,95.21,4097.68,5.76,166.94,Article_3,5871,Los Angeles,94
May,872,1872,Men,68.57,9,84.84,2542.21,6.26,118.2,Article_5,5872,Chicago,12
Feb,873,1873,Children,88.68,1,261.12,3026.74,8.17,165.89,Article_6,5873,New Mexico,77
Jun,874,1874,Men,10.02,6,233.26,4424.0,4.07,271.96,Article_7,5874,Chicago,88
May,875,1875,Women,25.22,9,138.75,3999.81,8.25,163.78,Article_2,5875,Chicago,32
Feb,876,1876,Children,45.08,4,214.83,4220.47,4.05,188.98,Article_3,5876,Chicago,96
Nov,877,1877,Women,44.16,2,222.28,1547.38,1.5,150.99,Article_3,5877,Texas,61
Nov,878,1878,Women,30.41,4,118.25,1278.88,5.99,165.03,Article_1,5878,Dallas,78
Nov,879,1879,Men,44.35,1,278.23,4573.62,6.29,53.79,Article_4,5879,Dallas,15
Mar,880,1880,Children,21.6,3,323.32,2551.34,9.41,120.94,Article_6,5880,Chicago,43
Sep,881,1881,Children,47.15,9,327.01,2151.52,7.53,159.15,Article_1,5881,Chicago,57
Jul,882,1882,Men,82.21,5,260.86,3898.79,9.26,208.45,Article_5,5882,New York,5
Jul,883,1883,Women,53.12,6,229.07,4345.66,9.18,162.51,Article_2,5883,Dallas,88
Nov,884,1884,Women,11.62,3,71.35,4449.96,6.44,134.45,Article_4,5884,New York,14
Jun,885,1885,Women,47.93,5,150.74,2263.99,5.75,147.02,Article_1,5885,New Mexico,3
Aug,886,1886,Women,12.45,8,82.65,4408.85,6.02,110.57,Article_7,5886,New York,55
Apr,887,1887,Children,96.96,6,387.34,1163.74,9.8,281.12,Article_3,5887,Washington,63
Aug,888,1888,Children,21.47,4,97.28,1198.65,7.96,180.44,Article_3,5888,Texas,67
Apr,889,1889,Men,73.69,2,103.12,3494.08,1.96,53.35,Article_4,5889,New Mexico,93
Aug,890,1890,Men,97.55,9,361.35,1252.43,8.01,54.86,Article_3,5890,Los Angeles,33
Sep,891,1891,Children,84.34,1,380.37,2298.44,2.53,293.24,Article_7,5891,Dallas,90
Mar,892,1892,Children,72.94,1,318.04,3691.02,5.03,105.36,Article_1,5892,Chicago,94
Mar,893,1893,Women,85.55,4,51.89,2349.07,2.89,251.4,Article_1,5893,New Mexico,55
Nov,894,1894,Women,98.36,7,50.47,1718.4,7.21,64.57,Article_3,5894,Chicago,31
Feb,895,1895,Men,65.92,1,182.34,2125.4,8.9,280.29,Article_3,5895,Los Angeles,8
Oct,896,1896,Children,60.33,9,100.19,2830.3,3.61,268.6,Article_5,5896,New Mexico,62
Mar,897,1897,Men,66.54,4,56.44,2901.54,1.74,192.77,Article_2,5897,Dallas,71
Mar,898,1898,Children,57.94,3,212.42,4132.0,3.69,52.25,Article_4,5898,New Mexico,77
May,899,1899,Women,67.16,1,380.07,4000.61,7.05,114.45,Article_1,5899,Chicago,32
May,900,1900,Men,50.49,4,163.34,2827.27,3.96,151.71,Article_4,5900,Chicago,86
Feb,901,1901,Men,29.66,9,281.4,4382.67,3.5,165.02,Article_5,5901,Washington,20
Dec,902,1902,Children,20.82,6,278.28,1456.95,2.66,124.42,Article_1,5902,New York,54
Oct,903,1903,Women,16.15,6,137.88,2021.41,5.48,58.24,Article_5,5903,New Mexico,75
Jun,904,1904,Men,33.7,1,277.65,4311.91,3.48,197.53,Article_5,5904,Chicago,56
May,905,1905,Women,14.15,2,124.32,2511.98,7.58,181.04,Article_6,5905,Texas,1
Jun,906,1906,Men,61.05,6,92.7,4924.73,1.69,120.75,Article_3,5906,Dallas,12
Jan,907,1907,Women,35.54,2,295.48,2865.01,6.98,59.49,Article_7,5907,Texas,3
May,908,1908,Children,84.21,3,89.7,4167.74,3.14,298.65,Article_6,5908,Los Angeles,83
Sep,909,1909,Men,16.68,4,398.92,2609.23,5.4,170.5,Article_4,5909,New Mexico,49
Dec,910,1910,Men,30.37,5,114.21,2699.81,3.57,239.0,Article_7,5910,Washington,47
Oct,911,1911,Women,75.72,9,257.95,2531.53,7.5,163.08,Article_4,5911,Dallas,77
Feb,912,1912,Women,63.89,4,193.98,3876.3,9.51,60.79,Article_3,5912,Washington,29
Jan,913,1913,Men,15.8,9,94.24,3190.07,9.25,127.4,Article_7,5913,New York,28
Oct,914,1914,Children,88.95,3,59.75,4775.11,6.25,130.03,Article_6,5914,Chicago,7
Nov,915,1915,Women,88.95,8,267.96,2003.56,5.16,259.59,Article_4,5915,Dallas,11
Sep,916,1916,Women,39.74,1,332.37,1402.25,8.36,213.56,Article_6,5916,Los Angeles,40
Oct,917,1917,Women,40.64,9,344.71,2573.05,7.15,118.86,Article_3,5917,New Mexico,25
Sep,918,1918,Men,99.01,9,218.95,3466.85,2.65,291.93,Article_7,5918,New York,49
Sep,919,1919,Men,66.36,2,322.11,4443.2,8.39,130.39,Article_7,5919,New York,1
Jun,920,1920,Men,57.82,4,285.5,2384.79,4.86,299.56,Article_1,5920,Washington,54
Aug,921,1921,Men,85.43,8,303.49,3615.15,2.7,299.04,Article_5,5921,New York,55
Nov,922,1922,Children,35.68,7,222.41,2400.79,3.54,97.8,Article_5,5922,Dallas,13
Jan,923,1923,Children,48.63,1,271.69,3468.88,3.41,128.19,Article_6,5923,Washington,5
Oct,924,1924,Men,34.1,5,331.93,4539.23,5.67,171.51,Article_7,5924,New York,94
Apr,925,1925,Children,81.02,7,189.26,1925.43,3.11,216.03,Article_4,5925,New Mexico,80
Jan,926,1926,Women,61.6,4,332.09,2616.97,2.11,182.01,Article_6,5926,Los Angeles,88
Aug,927,1927,Women,69.29,1,257.21,4973.06,2.11,292.36,Article_6,5927,New Mexico,60
Jan,928,1928,Women,32.71,9,108.07,4474.23,6.25,231.0,Article_2,5928,Texas,95
Mar,929,1929,Men,29.82,5,58.64,3258.56,7.61,103.01,Article_7,5929,Dallas,11
Apr,930,1930,Women,53.95,2,176.96,3066.51,3.89,76.27,Article_5,5930,Los Angeles,12
Aug,931,1931,Children,76.38,8,241.34,2138.4,1.31,222.1,Article_7,5931,Los Angeles,18
Jun,932,1932,Men,57.27,2,343.94,3068.84,2.15,89.61,Article_3,5932,Washington,43
Oct,933,1933,Children,12.94,3,94.62,4392.73,9.23,246.92,Article_6,5933,Chicago,88
Dec,934,1934,Women,88.17,1,330.07,3740.7,5.44,127.76,Article_2,5934,Washington,94
Jul,935,1935,Women,15.82,2,352.05,2160.18,5.08,131.72,Article_2,5935,Dallas,58
Aug,936,1936,Women,96.02,7,102.74,1805.86,1.34,52.7,Article_5,5936,Dallas,36
Feb,937,1937,Men,12.26,2,348.06,2060.83,7.56,225.25,Article_5,5937,Washington,24
Oct,938,1938,Children,72.5,6,397.01,1679.04,5.75,78.32,Article_5,5938,Chicago,15
Nov,939,1939,Men,17.4,3,304.39,1382.56,2.82,243.22,Article_3,5939,New Mexico,37
Aug,940,1940,Men,91.96,4,324.67,2676.54,1.99,172.97,Article_2,5940,Washington,42
Mar,941,1941,Women,51.8,8,398.05,1453.2,4.45,246.07,Article_4,5941,Dallas,86
Jul,942,1942,Men,22.38,3,261.92,1687.65,8.53,195.98,Article_3,5942,Chicago,13
Mar,943,1943,Men,40.67,6,157.76,3189.3,8.79,70.61,Article_1,5943,Dallas,5
Jul,944,1944,Women,24.83,1,343.14,1658.4,6.43,241.41,Article_6,5944,Chicago,88
Nov,945,1945,Men,25.35,7,265.07,1255.52,7.55,67.45,Article_5,5945,Chicago,22
Dec,946,1946,Women,95.33,8,253.42,2269.56,2.04,169.68,Article_2,5946,Washington,59
Feb,947,1947,Women,50.07,8,138.77,1881.28,6.29,93.09,Article_6,5947,Washington,11
Oct,948,1948,Women,80.99,3,314.72,3061.22,7.0,238.08,Article_7,5948,Washington,12
Jun,949,1949,Women,67.56,1,78.58,1409.47,2.81,277.9,Article_3,5949,Chicago,99
Mar,950,1950,Men,70.88,9,373.5,4007.08,8.92,188.53,Article_1,5950,Chicago,97
Mar,951,1951,Women,21.85,6,164.04,4624.93,2.75,181.79,Article_7,5951,Dallas,5
Sep,952,1952,Women,31.08,9,94.72,3973.74,3.82,240.99,Article_3,5952,Los Angeles,62
Jul,953,1953,Men,80.81,7,204.83,3131.31,6.59,51.27,Article_3,5953,Washington,37
May,954,1954,Men,97.37,1,64.86,4442.67,6.75,279.44,Article_4,5954,Texas,49
Dec,955,1955,Children,33.64,1,289.62,3779.67,7.29,99.36,Article_6,5955,Dallas,51
Oct,956,1956,Men,34.44,6,365.95,1042.2,2.01,296.03,Article_4,5956,Dallas,39
Jul,957,1957,Men,52.56,5,343.04,2576.36,8.65,234.06,Article_3,5957,New York,7
Sep,958,1958,Children,98.55,9,94.58,4403.81,5.8,243.56,Article_1,5958,Washington,60
Jan,959,1959,Men,34.21,2,94.19,2383.44,5.24,214.05,Article_2,5959,New Mexico,7
Jul,960,1960,Men,46.63,8,334.7,1140.86,9.83,167.92,Article_2,5960,Dallas,96
Jun,961,1961,Men,90.23,5,373.49,3984.72,7.66,192.91,Article_7,5961,New York,33
Oct,962,1962,Men,10.26,2,211.23,4208.15,2.06,61.6,Article_6,5962,Texas,78
Dec,963,1963,Children,13.58,6,224.64,1642.37,7.81,205.99,Article_5,5963,Texas,99
Sep,964,1964,Men,64.37,8,161.39,3149.36,1.86,206.52,Article_5,5964,New Mexico,59
Jan,965,1965,Men,91.66,4,362.99,1767.82,1.25,272.8,Article_2,5965,Washington,56
Apr,966,1966,Children,31.5,2,275.72,3876.94,4.63,176.41,Article_3,5966,Chicago,98
Sep,967,1967,Women,52.27,5,150.89,2086.2,9.94,69.29,Article_3,5967,New York,45
Apr,968,1968,Children,50.54,2,154.57,2264.86,2.57,126.55,Article_4,5968,Chicago,21
Oct,969,1969,Women,52.57,2,361.92,4379.88,7.05,213.91,Article_6,5969,Texas,86
Mar,970,1970,Children,66.03,6,54.77,2905.29,2.56,109.81,Article_4,5970,Texas,39
Sep,971,1971,Children,52.28,9,162.95,3679.02,7.52,120.13,Article_5,5971,Los Angeles,44
Feb,972,1972,Men,50.27,4,244.02,2609.49,5.55,255.12,Article_2,5972,Los Angeles,54
Apr,973,1973,Women,52.69,6,101.88,2192.03,7.12,196.08,Article_7,5973,New Mexico,50
Jun,974,1974,Men,63.18,7,82.23,3501.91,2.83,177.13,Article_3,5974,Los Angeles,85
Feb,975,1975,Women,58.33,6,335.35,1619.43,7.71,129.61,Article_2,5975,Los Angeles,4
Aug,976,1976,Children,86.87,8,363.04,2492.0,9.96,232.73,Article_1,5976,New Mexico,94
Aug,977,1977,Children,14.45,4,338.26,1836.15,6.99,121.93,Article_2,5977,Dallas,12
Jan,978,1978,Women,85.0,1,364.58,3783.18,5.44,234.27,Article_1,5978,Los Angeles,27
Dec,979,1979,Men,85.95,7,243.59,4776.84,9.31,67.53,Article_4,5979,Dallas,83
Mar,980,1980,Men,35.64,3,334.29,4982.04,1.14,266.14,Article_4,5980,Dallas,96
Oct,981,1981,Men,51.66,6,184.41,2801.11,7.57,174.89,Article_5,5981,Washington,79
Sep,982,1982,Men,49.47,2,283.19,2010.12,9.0,159.63,Article_2,5982,Dallas,61
May,983,1983,Children,29.67,9,396.09,2771.32,1.56,202.76,Article_2,5983,Dallas,92
Jun,984,1984,Children,45.71,1,129.0,4389.08,5.05,206.05,Article_1,5984,Los Angeles,86
Apr,985,1985,Children,13.99,6,186.46,1824.02,2.84,83.01,Article_4,5985,Dallas,23
Oct,986,1986,Children,35.0,6,218.02,4808.38,6.1,239.06,Article_1,5986,Chicago,97
Feb,987,1987,Children,83.5,5,98.31,2367.46,6.85,118.98,Article_4,5987,New Mexico,6
Nov,988,1988,Men,35.61,5,78.36,4943.21,3.72,276.24,Article_1,5988,Los Angeles,37
Aug,989,1989,Men,83.64,1,340.4,4354.44,5.14,254.46,Article_4,5989,New Mexico,36
Nov,990,1990,Men,57.84,5,391.88,4234.28,3.51,136.57,Article_1,5990,New York,67
Jun,991,1991,Men,89.19,2,191.65,2271.62,4.32,251.93,Article_7,5991,Los Angeles,97
May,992,1992,Children,61.73,7,80.68,1035.11,2.44,139.1,Article_4,5992,Dallas,41
Sep,993,1993,Children,12.67,3,73.03,2528.53,8.97,75.24,Article_6,5993,Chicago,85
Jan,994,1994,Children,70.79,4,361.96,2207.24,1.09,290.47,Article_1,5994,New Mexico,4
May,995,1995,Women,14.04,3,212.33,1149.59,8.94,213.15,Article_2,5995,Los Angeles,63
Jun,996,1996,Men,50.55,3,162.01,3021.46,6.15,164.02,Article_5,5996,Chicago,49
May,997,1997,Men,93.65,4,216.76,2612.13,3.98,149.44,Article_6,5997,New Mexico,86
Jun,998,1998,Children,24.87,5,161.41,3538.23,7.51,131.18,Article_6,5998,New York,14
Jun,999,1999,Men,45.09,1,221.16,3484.75,5.57,295.36,Article_1,5999,Texas,94
Jul,1000,2000,Men,75.69,4,350.84,1482.99,5.49,83.69,Article_5,6000,New York,72
